number,variety,inoculant,salt,replicate,trial,shoots,total_abund,tot_mf,tot_16s,tot_its,tot_oom,rel_amf,rel_16s,rel_its,rel_oom,shoot_score,Microbial_Abundance_Score
2,A,Control,S1,2,2,3.1114,NA,NA,NA,NA,NA,NA,NA,NA,NA,0.5625587618427714,NA
3,A,Control,S1,3,2,4.6353,NA,NA,NA,NA,NA,NA,NA,NA,NA,0.8380885224560642,NA
4,A,Control,S1,4,2,3.7568,NA,NA,NA,NA,NA,NA,NA,NA,NA,0.6792507413032473,NA
5,A,Control,S1,5,2,3.9759,NA,NA,NA,NA,NA,NA,NA,NA,NA,0.718865263614667,NA
6,A,Control,S3,1,2,3.1845,NA,NA,NA,NA,NA,NA,NA,NA,NA,0.5757756563245823,NA
7,A,Control,S3,2,2,2.9836,NA,NA,NA,NA,NA,NA,NA,NA,NA,0.5394517972083605,NA
8,A,Control,S3,3,2,3.1659,NA,NA,NA,NA,NA,NA,NA,NA,NA,0.5724126708613583,NA
9,A,Control,S3,4,2,3.1971,NA,NA,NA,NA,NA,NA,NA,NA,NA,0.5780538077674116,NA
10,A,Control,S3,5,2,3.7294,NA,NA,NA,NA,NA,NA,NA,NA,NA,0.674296665943444,NA
11,A,Control,S4,1,2,1.1459,NA,NA,NA,NA,NA,NA,NA,NA,NA,0.2071852173284154,NA
12,A,Control,S4,2,2,1.0524,NA,NA,NA,NA,NA,NA,NA,NA,NA,0.19027988717726188,NA
13,A,Control,S4,3,2,0.4036,NA,NA,NA,NA,NA,NA,NA,NA,NA,0.07297316843856223,NA
14,A,Control,S4,4,2,0.6873,NA,NA,NA,NA,NA,NA,NA,NA,NA,0.12426773703623345,NA
15,A,Control,S4,5,2,0.9618,NA,NA,NA,NA,NA,NA,NA,NA,NA,0.17389889346929918,NA
16,A,Control,S5,1,2,0.5371,NA,NA,NA,NA,NA,NA,NA,NA,NA,0.0971107253923483,NA
17,A,Control,S5,2,2,0.2377,NA,NA,NA,NA,NA,NA,NA,NA,NA,0.04297750777464381,NA
18,A,Control,S5,3,2,0.1686,NA,NA,NA,NA,NA,NA,NA,NA,NA,0.030483835973096115,NA
20,A,Control,S5,5,2,0.6322,NA,NA,NA,NA,NA,NA,NA,NA,NA,0.11430534461560714,NA
21,A,NOK S,S1,1,2,1.8017,NA,NA,NA,NA,NA,NA,NA,NA,NA,0.32575757575757575,NA
22,A,NOK S,S1,2,2,3.5891,NA,NA,NA,NA,NA,NA,NA,NA,NA,0.6489296304332104,NA
23,A,NOK S,S1,3,2,4.7855,NA,NA,NA,NA,NA,NA,NA,NA,NA,0.8652455340999493,NA
24,A,NOK S,S1,4,2,4.2853,NA,NA,NA,NA,NA,NA,NA,NA,NA,0.7748065379330297,NA
25,A,NOK S,S1,5,2,4.7779,NA,NA,NA,NA,NA,NA,NA,NA,NA,0.8638714110074491,NA
26,A,NOK S,S3,1,2,1.5733,NA,NA,NA,NA,NA,NA,NA,NA,NA,0.284461560714544,NA
27,A,NOK S,S3,2,2,2.2374,NA,NA,NA,NA,NA,NA,NA,NA,NA,0.4045346062052506,NA
28,A,NOK S,S3,3,2,2.9187,NA,NA,NA,NA,NA,NA,NA,NA,NA,0.5277175092210892,NA
29,A,NOK S,S3,4,2,2.7388,NA,NA,NA,NA,NA,NA,NA,NA,NA,0.4951905691762493,NA
30,A,NOK S,S3,5,2,2.2033,NA,NA,NA,NA,NA,NA,NA,NA,NA,0.39836913285600634,NA
31,A,NOK S,S4,1,2,1.1556,NA,NA,NA,NA,NA,NA,NA,NA,NA,0.2089390323280538,NA
32,A,NOK S,S4,2,2,0.8774,NA,NA,NA,NA,NA,NA,NA,NA,NA,0.15863889491574454,NA
33,A,NOK S,S4,3,2,0.6289,NA,NA,NA,NA,NA,NA,NA,NA,NA,0.11370868590438996,NA
34,A,NOK S,S4,4,2,0.6942,NA,NA,NA,NA,NA,NA,NA,NA,NA,0.12551529615968757,NA
36,A,NOK S,S5,1,2,0.2278,NA,NA,NA,NA,NA,NA,NA,NA,NA,0.04118753164099226,NA
37,A,NOK S,S5,2,2,0.3757,NA,NA,NA,NA,NA,NA,NA,NA,NA,0.06792869024372604,NA
38,A,NOK S,S5,3,2,0.4917,NA,NA,NA,NA,NA,NA,NA,NA,NA,0.08890214797136038,NA
39,A,NOK S,S5,4,2,0.5132,NA,NA,NA,NA,NA,NA,NA,NA,NA,0.09278946987777537,NA
40,A,NOK S,S5,5,2,0.3889,NA,NA,NA,NA,NA,NA,NA,NA,NA,0.07031532508859478,NA
41,A,NOK NS,S1,1,2,3.7873,NA,NA,NA,NA,NA,NA,NA,NA,NA,0.6847653142402546,NA
42,A,NOK NS,S1,2,2,3.1856,26039.359999999997,5635.1,18487.669999999998,1778.37,138.22,21.640700846718204,70.998941602251364,6.829545733842922,0.5308118171875192,0.5759745425616547,NA
43,A,NOK NS,S1,3,2,3.9198,38092.700000000004,9740.12,15260.54,12979.8,112.24,25.569518569174672,40.061586603207438,34.07424519658622,0.29464963103166747,0.7087220655239748,NA
44,A,NOK NS,S1,4,2,4.3533,21219.66,3659.75,14053.43,3447.63,58.85,17.24697756702982,66.228346731285995,16.247338553021116,0.27733714866307946,0.7871013234975048,NA
45,A,NOK NS,S1,5,2,3.3382,NA,NA,NA,NA,NA,NA,NA,NA,NA,0.6035654878136978,NA
46,A,NOK NS,S3,1,2,2.6854,NA,NA,NA,NA,NA,NA,NA,NA,NA,0.48553554639473495,NA
47,A,NOK NS,S3,2,2,2.9403,7800.45,2406.21,5358.67,15.07,20.5,30.847066515393344,68.696934151234871,0.19319398239845137,0.2628053509733413,0.5316229116945107,NA
48,A,NOK NS,S3,3,2,2.966,19626.49,2523.68,16542.66,483.22,76.93,12.858539657371235,84.287409516423978,2.4620805859835353,0.391970240221252,0.5362696174152022,NA
49,A,NOK NS,S3,4,2,2.8005,NA,NA,NA,NA,NA,NA,NA,NA,NA,0.5063462790193101,NA
50,A,NOK NS,S3,5,2,3.0039,29588.199999999997,10515.42,17240.900000000001,1661.35,170.53,35.53923523566828,58.269512846337399,5.614907294124009,0.5763446238703267,0.5431221523106964,NA
51,A,NOK NS,S4,1,2,1.0472,NA,NA,NA,NA,NA,NA,NA,NA,NA,0.18933969769291964,NA
52,A,NOK NS,S4,2,2,0.9542,NA,NA,NA,NA,NA,NA,NA,NA,NA,0.17252477037679903,NA
53,A,NOK NS,S4,3,2,0.8512,15649.130000000001,1162.92,14197,254.59,34.62,7.431211830945235,90.720698211338259,1.626863602002156,0.2212263557143432,0.15390178636002025,NA
54,A,NOK NS,S4,4,2,0.8518,41469.84,16866.86,14617.19,9867.09,118.7,40.672594830363465,35.247760782293838,23.793412272629944,0.2862321147127648,0.15401026976205973,NA
55,A,NOK NS,S4,5,2,0.6036,22020.55,5586.68,14295.99,2020.73,117.15,25.37030183169812,64.921130489474606,9.176564618049959,0.5320030607773194,0.10913430245172488,NA
56,A,NOK NS,S5,1,2,0.3358,NA,NA,NA,NA,NA,NA,NA,NA,NA,0.06071454400810009,NA
57,A,NOK NS,S5,2,2,0.4198,NA,NA,NA,NA,NA,NA,NA,NA,NA,0.0759022202936284,NA
58,A,NOK NS,S5,3,2,0.4131,NA,NA,NA,NA,NA,NA,NA,NA,NA,0.07469082230418746,NA
59,A,NOK NS,S5,4,2,0.4589,NA,NA,NA,NA,NA,NA,NA,NA,NA,0.0829717219932017,NA
60,A,NOK NS,S5,5,2,0.2636,NA,NA,NA,NA,NA,NA,NA,NA,NA,0.04766037462934838,NA
61,A,SLK S,S1,1,2,3.6853,24399.359999999997,4697.12,18785.12,840.07,77.05,19.250996747455673,76.990216136816713,3.44300014426608,0.31578697146154655,0.6663231358935415,NA
62,A,SLK S,S1,2,2,2.9796,NA,NA,NA,NA,NA,NA,NA,NA,NA,0.5387285745280972,NA
63,A,SLK S,S1,3,2,3.6671,NA,NA,NA,NA,NA,NA,NA,NA,NA,0.6630324726983438,NA
64,A,SLK S,S1,4,2,3.8009,31619.28,2544.78,16708.400000000001,12316.92,49.18,8.048190850645556,52.842442965178215,38.95382817066043,0.1555380135158043,0.6872242713531496,NA
65,A,SLK S,S1,5,2,4.8187,26878.89,14050.81,11491.37,1312.8,23.91,52.27451728847434,42.75239788547816,4.884130259843319,0.08895456620418477,0.8712482823461343,NA
66,A,SLK S,S3,1,2,3.3074,NA,NA,NA,NA,NA,NA,NA,NA,NA,0.5979966731756707,NA
67,A,SLK S,S3,2,2,2.7938,26612.35,6478.93,19651.060000000001,384.01,98.35,24.345576395921444,73.841881682752557,1.4429766630906327,0.3695652582353682,0.5051348810298691,NA
68,A,SLK S,S3,3,2,3.1848,30630.85,6459.45,22799.17,1145.98,226.25,21.088053384088266,74.432051346926372,3.741260853028891,0.7386344159564623,0.575829898025602,NA
69,A,SLK S,S3,4,2,3.0053,NA,NA,NA,NA,NA,NA,NA,NA,NA,0.5433752802487886,NA
70,A,SLK S,S3,5,2,2.3701,7548.320000000001,2742.51,0,4733.21,72.6,36.332720393412046,0,62.70547618542933,0.9618034211586153,0.428527518622984,NA
71,A,SLK S,S4,1,2,0.7898,NA,NA,NA,NA,NA,NA,NA,NA,NA,0.1428003182179793,NA
72,A,SLK S,S4,2,2,0.6206,20888.15,3541.15,17021.48,270.82,54.7,16.95291349401455,81.488690956355626,1.2965245845132287,0.26187096511658525,0.11220799884284371,NA
73,A,SLK S,S4,3,2,0.9832,12659.839999999998,2337.23,9523.9,754.55,44.16,18.461765709519238,75.229228805419339,5.960185910722411,0.3488195743390122,0.1777681348087076,NA
74,A,SLK S,S4,4,2,1.4657,32684.78,6122.71,21247.22,5144.1,170.75,18.7326027588376,65.006464782690912,15.738518050297417,0.5224144081740798,0.2650068706154625,NA
75,A,SLK S,S4,5,2,0.7306,NA,NA,NA,NA,NA,NA,NA,NA,NA,0.13209662255008317,NA
76,A,SLK S,S5,1,2,0.4383,NA,NA,NA,NA,NA,NA,NA,NA,NA,0.07924712518984596,NA
77,A,SLK S,S5,2,2,0.3015,NA,NA,NA,NA,NA,NA,NA,NA,NA,0.054512909524842695,NA
78,A,SLK S,S5,3,2,0.2348,NA,NA,NA,NA,NA,NA,NA,NA,NA,0.04245317133145295,NA
79,A,SLK S,S5,4,2,0.3247,NA,NA,NA,NA,NA,NA,NA,NA,NA,0.05870760107036956,NA
80,A,SLK S,S5,5,2,0.2448,NA,NA,NA,NA,NA,NA,NA,NA,NA,0.044261228032111084,NA
81,A,SLK NS,S1,1,2,3.7364,NA,NA,NA,NA,NA,NA,NA,NA,NA,0.6755623056339047,NA
82,A,SLK NS,S1,2,2,2.7348,NA,NA,NA,NA,NA,NA,NA,NA,NA,0.49446734649598606,NA
83,A,SLK NS,S1,3,2,3.9425,NA,NA,NA,NA,NA,NA,NA,NA,NA,0.7128263542344687,NA
84,A,SLK NS,S1,4,2,3.6804,NA,NA,NA,NA,NA,NA,NA,NA,NA,0.6654371881102191,NA
85,A,SLK NS,S1,5,2,4.1475,NA,NA,NA,NA,NA,NA,NA,NA,NA,0.7498915165979605,NA
86,A,SLK NS,S3,1,2,2.9204,NA,NA,NA,NA,NA,NA,NA,NA,NA,0.528024878860201,NA
87,A,SLK NS,S3,2,2,2.2615,NA,NA,NA,NA,NA,NA,NA,NA,NA,0.40889202285383663,NA
88,A,SLK NS,S3,3,2,3.2792,NA,NA,NA,NA,NA,NA,NA,NA,NA,0.5928979532798149,NA
89,A,SLK NS,S3,4,2,2.9831,NA,NA,NA,NA,NA,NA,NA,NA,NA,0.5393613943733275,NA
90,A,SLK NS,S3,5,2,2.0772,NA,NA,NA,NA,NA,NA,NA,NA,NA,0.3755695378607073,NA
91,A,SLK NS,S4,1,2,0.9152,NA,NA,NA,NA,NA,NA,NA,NA,NA,0.1654733492442323,NA
92,A,SLK NS,S4,2,2,1.1062,NA,NA,NA,NA,NA,NA,NA,NA,NA,0.20000723222680264,NA
93,A,SLK NS,S4,3,2,0.5568,NA,NA,NA,NA,NA,NA,NA,NA,NA,0.10067259709264481,NA
94,A,SLK NS,S4,4,2,0.9895,NA,NA,NA,NA,NA,NA,NA,NA,NA,0.17890721053012223,NA
95,A,SLK NS,S4,5,2,0.5866,NA,NA,NA,NA,NA,NA,NA,NA,NA,0.10606060606060606,NA
96,A,SLK NS,S5,1,2,0.2938,NA,NA,NA,NA,NA,NA,NA,NA,NA,0.05312070586533594,NA
97,A,SLK NS,S5,2,2,0.3714,NA,NA,NA,NA,NA,NA,NA,NA,NA,0.06715122586244304,NA
98,A,SLK NS,S5,3,2,0.2964,NA,NA,NA,NA,NA,NA,NA,NA,NA,0.05359080060750705,NA
99,A,SLK NS,S5,4,2,0.2161,NA,NA,NA,NA,NA,NA,NA,NA,NA,0.039072105301222244,NA
100,A,SLK NS,S5,5,2,0.1598,NA,NA,NA,NA,NA,NA,NA,NA,NA,0.02889274607651696,NA
101,A,SC S,S1,1,2,3.8765,41579.14,17426.92,13350.56,10450.65,351.01,41.91265139202013,32.108793014958941,25.13435823828968,0.8441973547312427,0.7008931800101251,NA
102,A,SC S,S1,2,2,3.4752,36401.42,10328.71,17646.41,8259.24,167.06,28.37447000693929,48.477257205900209,22.689334646835206,0.458938140325295,0.6283358646127143,NA
103,A,SC S,S1,3,2,4.4588,NA,NA,NA,NA,NA,NA,NA,NA,NA,0.8061763216894482,NA
104,A,SC S,S1,4,2,3.5034,NA,NA,NA,NA,NA,NA,NA,NA,NA,0.6334345845085702,NA
105,A,SC S,S1,5,2,5.0645,44085.13,18152.06,22965.58,2700.95,266.54,41.175017517244484,52.093710509643508,6.126669015153182,0.6046029579588402,0.9156903160483112,NA
106,A,SC S,S3,1,2,2.5141,40560.48999999999,11536.47,20432.37,8327.45,264.2,28.442629761129616,50.375057106065547,20.53094033134216,0.6513728014627044,0.4545635351124611,NA
107,A,SC S,S3,2,2,2.1714,18773.940000000002,3406.06,14670.45,610.8,86.63,18.142489003373825,78.142627493216651,3.2534460001470116,0.461437503262501,0.39260143198090697,NA
108,A,SC S,S3,3,2,1.3934,11777.05,882.54,10734.58,133.73,26.2,7.49372720672834,91.148292653932856,1.1355135623946573,0.22246657694414135,0.2519346206697042,NA
109,A,SC S,S3,4,2,3.0778,NA,NA,NA,NA,NA,NA,NA,NA,NA,0.55648369132856,NA
110,A,SC S,S3,5,2,3.0349,NA,NA,NA,NA,NA,NA,NA,NA,NA,0.5487271280827366,NA
111,A,SC S,S4,1,2,0.9181,NA,NA,NA,NA,NA,NA,NA,NA,NA,0.16599768568742315,NA
112,A,SC S,S4,2,2,0.2842,NA,NA,NA,NA,NA,NA,NA,NA,NA,0.05138497143270413,NA
113,A,SC S,S4,3,2,0.9447,36966.27,18459.79,16029.65,1899.74,577.09,49.93684783452591,43.362908943747911,5.139117362936537,1.5611258587896482,0.17080711651117378,NA
114,A,SC S,S4,4,2,0.5229,NA,NA,NA,NA,NA,NA,NA,NA,NA,0.09454328487741376,NA
115,A,SC S,S4,5,2,0.4902,10213.069999999998,1144.56,8950.3799999999992,100.4,17.73,11.20681636373784,87.6365284875165,0.9830540669945474,0.17360108175112876,0.08863093946626166,NA
116,A,SC S,S5,1,2,0.2466,NA,NA,NA,NA,NA,NA,NA,NA,NA,0.04458667823822955,NA
117,A,SC S,S5,2,2,0.4942,18103.83,1717.28,11879.02,4502.24,5.29,9.485727605705533,65.616060248024866,24.868991810020308,0.029220336249290893,0.0893541621465249,NA
118,A,SC S,S5,3,2,0.2562,NA,NA,NA,NA,NA,NA,NA,NA,NA,0.04632241267086135,NA
119,A,SC S,S5,4,2,0.2191,NA,NA,NA,NA,NA,NA,NA,NA,NA,0.03961452231141968,NA
123,A,SC NS,S1,3,2,4.0285,20520.64,2842.65,15820.32,1765.82,91.85,13.852638124347,77.094671511219929,8.605092238838555,0.44759812559452333,0.7283756418601287,NA
124,A,SC NS,S1,4,2,3.3066,26357.1,2777.66,22974.09,522.89,82.46,10.53856456135159,87.164710836928194,1.9838677244461644,0.31285687727405515,0.5978520286396182,NA
125,A,SC NS,S1,5,2,3.6657,28033.47,7521.71,19249.45,1017.9,244.41,26.83117716072966,68.665955374058214,3.631016781012126,0.8718506841999938,0.6627793447602517,NA
126,A,SC NS,S3,1,2,2.9058,NA,NA,NA,NA,NA,NA,NA,NA,NA,0.5253851160772401,NA
127,A,SC NS,S3,2,2,3.1616,26816.98,10086.94,15997.45,531.79,200.8,37.61400426147911,59.654181790790759,1.9830346295518733,0.7487793181782587,0.5716352064800752,NA
128,A,SC NS,S3,3,2,2.8827,16043.86,2418.07,13421.11,147.92,56.76,15.07162241505473,83.652624742424834,0.9219726424937638,0.3537802000266768,0.5212085050987199,NA
129,A,SC NS,S3,4,2,3.4984,30839.200000000004,11473.65,17875.54,930.56,559.45,37.20475887831072,57.963695556304963,3.0174582998261945,1.8140872655581206,0.6325305561582412,NA
130,A,SC NS,S3,5,2,2.127,NA,NA,NA,NA,NA,NA,NA,NA,NA,0.38457366022998474,NA
131,A,SC NS,S4,1,2,0.6724,NA,NA,NA,NA,NA,NA,NA,NA,NA,0.12157373255225283,NA
132,A,SC NS,S4,2,2,0.4234,NA,NA,NA,NA,NA,NA,NA,NA,NA,0.07655312070586533,NA
133,A,SC NS,S4,3,2,0.9006,18372.969999999994,1835.69,16420.599999999999,54.92,61.76,9.991253455483793,89.373683187856969,0.2989173769945742,0.33614597966469234,0.1628335864612714,NA
134,A,SC NS,S4,4,2,0.9091,3784.52,459,3241.92,68.1,15.5,12.12835445446186,85.662646782154667,1.7994355955312693,0.4095631678521979,0.16437043465683085,NA
135,A,SC NS,S4,5,2,0.7104,NA,NA,NA,NA,NA,NA,NA,NA,NA,0.12844434801475374,NA
136,A,SC NS,S5,1,2,0.1878,NA,NA,NA,NA,NA,NA,NA,NA,NA,0.03395530483835973,NA
137,A,SC NS,S5,2,2,0.1681,NA,NA,NA,NA,NA,NA,NA,NA,NA,0.030393433138063208,NA
138,A,SC NS,S5,3,2,0.2811,NA,NA,NA,NA,NA,NA,NA,NA,NA,0.05082447385550011,NA
139,A,SC NS,S5,4,2,0.197,NA,NA,NA,NA,NA,NA,NA,NA,NA,0.03561871700296521,NA
140,A,SC NS,S5,5,2,0.3549,NA,NA,NA,NA,NA,NA,NA,NA,NA,0.06416793230635713,NA
141,A,BTN S,S1,1,2,1.8481,NA,NA,NA,NA,NA,NA,NA,NA,NA,0.3341469588486295,NA
142,A,BTN S,S1,2,2,2.7504,NA,NA,NA,NA,NA,NA,NA,NA,NA,0.49728791494901275,NA
143,A,BTN S,S1,3,2,3.4508,NA,NA,NA,NA,NA,NA,NA,NA,NA,0.6239242062631084,NA
144,A,BTN S,S1,4,2,3.7206,NA,NA,NA,NA,NA,NA,NA,NA,NA,0.6727055760468649,NA
145,A,BTN S,S1,5,2,4.6767,NA,NA,NA,NA,NA,NA,NA,NA,NA,0.8455738771967889,NA
146,A,BTN S,S3,1,2,3.0477,NA,NA,NA,NA,NA,NA,NA,NA,NA,0.551041440659579,NA
147,A,BTN S,S3,2,2,2.3859,NA,NA,NA,NA,NA,NA,NA,NA,NA,0.43138424821002386,NA
148,A,BTN S,S3,3,2,2.9263,NA,NA,NA,NA,NA,NA,NA,NA,NA,0.5290916323135894,NA
149,A,BTN S,S3,4,2,2.4452,NA,NA,NA,NA,NA,NA,NA,NA,NA,0.4421060244449265,NA
150,A,BTN S,S3,5,2,1.9934,NA,NA,NA,NA,NA,NA,NA,NA,NA,0.36041802270919215,NA
151,A,BTN S,S4,1,2,0.7816,NA,NA,NA,NA,NA,NA,NA,NA,NA,0.14131771172343963,NA
152,A,BTN S,S4,2,2,0.7135,NA,NA,NA,NA,NA,NA,NA,NA,NA,0.12900484559195777,NA
153,A,BTN S,S4,3,2,1.1491,NA,NA,NA,NA,NA,NA,NA,NA,NA,0.20776379547262602,NA
154,A,BTN S,S4,4,2,0.7506,NA,NA,NA,NA,NA,NA,NA,NA,NA,0.13571273595139943,NA
155,A,BTN S,S4,5,2,0.6909,NA,NA,NA,NA,NA,NA,NA,NA,NA,0.12491863744847037,NA
156,A,BTN S,S5,1,2,0.317,NA,NA,NA,NA,NA,NA,NA,NA,NA,0.057315397410862806,NA
157,A,BTN S,S5,2,2,0.1441,NA,NA,NA,NA,NA,NA,NA,NA,NA,0.02605409705648369,NA
158,A,BTN S,S5,3,2,0.2799,NA,NA,NA,NA,NA,NA,NA,NA,NA,0.05060750705142113,NA
159,A,BTN S,S5,4,2,0.3012,NA,NA,NA,NA,NA,NA,NA,NA,NA,0.05445866782382296,NA
160,A,BTN S,S5,5,2,0.2737,NA,NA,NA,NA,NA,NA,NA,NA,NA,0.049486511897013086,NA
161,A,BTN NS,S1,1,2,3.4095,NA,NA,NA,NA,NA,NA,NA,NA,NA,0.6164569320893903,NA
162,A,BTN NS,S1,2,2,2.7983,NA,NA,NA,NA,NA,NA,NA,NA,NA,0.5059485065451652,NA
163,A,BTN NS,S1,3,2,4.015,20243.77,3966.48,12156.69,4096.47,24.13,19.59358360621564,60.05151214423006,20.235707084204176,0.11919716535012993,0.7259347653142402,NA
164,A,BTN NS,S1,4,2,3.0793,23611.23,7122.6,14496.46,815.99,1176.18,30.16615398689522,61.396462615458823,3.455940245383235,4.981443152262717,0.5567548998336588,NA
165,A,BTN NS,S1,5,2,3.5215,22321.59,5553.18,16152.82,483.33,132.26,24.878066481823204,72.364110262754579,2.1653027405305805,0.5925205148916363,0.6367071671367615,NA
166,A,BTN NS,S3,1,2,2.9059,24601.960000000003,8867.59,14950.54,543.99,239.84,36.044242003482644,60.769711031153619,2.211165289269635,0.9748816760940996,0.5254031966442467,NA
167,A,BTN NS,S3,2,2,2.9712,15916.279999999999,3021.91,12502.53,314.71,77.13,18.9862832269852,78.551834976514627,1.9772836366286592,0.48459815987152777,0.5372098068995443,NA
168,A,BTN NS,S3,3,2,2.6037,15745.19,1288.77,14249.87,148.4,58.15,8.18516639049767,90.503004409600649,0.9425100618030015,0.36931913809868283,0.47076372315035797,NA
169,A,BTN NS,S3,4,2,2.2731,NA,NA,NA,NA,NA,NA,NA,NA,NA,0.4109893686266001,NA
170,A,BTN NS,S3,5,2,1.8345,NA,NA,NA,NA,NA,NA,NA,NA,NA,0.33168800173573443,NA
171,A,BTN NS,S4,1,2,1.0842,NA,NA,NA,NA,NA,NA,NA,NA,NA,0.19602950748535475,NA
172,A,BTN NS,S4,2,2,0.3719,NA,NA,NA,NA,NA,NA,NA,NA,NA,0.06724162869747595,NA
173,A,BTN NS,S4,3,2,0.5598,19989.82,4872.01,14188.07,701.96,227.78,24.372455579890165,70.976477026806634,3.511587397985575,1.1394799953176167,0.10121501410284225,NA
174,A,BTN NS,S4,4,2,0.5337,NA,NA,NA,NA,NA,NA,NA,NA,NA,0.09649598611412452,NA
175,A,BTN NS,S4,5,2,0.3488,20966.94,3798.68,16838.04,184.62,145.6,18.11747446217712,80.307569917212547,0.8805290614653355,0.6944265591450159,0.06306501771895566,NA
176,A,BTN NS,S5,1,2,0.3537,NA,NA,NA,NA,NA,NA,NA,NA,NA,0.06395096550227815,NA
177,A,BTN NS,S5,2,2,0.1355,NA,NA,NA,NA,NA,NA,NA,NA,NA,0.024499168293917697,NA
178,A,BTN NS,S5,3,2,0.1913,NA,NA,NA,NA,NA,NA,NA,NA,NA,0.03458812468359008,NA
179,A,BTN NS,S5,4,2,0.3741,NA,NA,NA,NA,NA,NA,NA,NA,NA,0.06763940117162073,NA
180,A,BTN NS,S5,5,2,0.2891,NA,NA,NA,NA,NA,NA,NA,NA,NA,0.05227091921602662,NA
181,A,DEL S,S1,1,2,3.7337,NA,NA,NA,NA,NA,NA,NA,NA,NA,0.675074130324727,NA
182,A,DEL S,S1,2,2,3.3805,NA,NA,NA,NA,NA,NA,NA,NA,NA,0.6112135676574817,NA
183,A,DEL S,S1,3,2,4.2387,NA,NA,NA,NA,NA,NA,NA,NA,NA,0.7663809937079626,NA
184,A,DEL S,S1,4,2,4.0617,NA,NA,NA,NA,NA,NA,NA,NA,NA,0.7343783901063138,NA
185,A,DEL S,S1,5,2,3.6188,NA,NA,NA,NA,NA,NA,NA,NA,NA,0.654299558834165,NA
186,A,DEL S,S3,1,2,3.1117,NA,NA,NA,NA,NA,NA,NA,NA,NA,0.5626130035437911,NA
187,A,DEL S,S3,2,2,2.0378,NA,NA,NA,NA,NA,NA,NA,NA,NA,0.3684457944601142,NA
188,A,DEL S,S3,3,2,2.6101,NA,NA,NA,NA,NA,NA,NA,NA,NA,0.4719208794387792,NA
189,A,DEL S,S3,4,2,2.5147,NA,NA,NA,NA,NA,NA,NA,NA,NA,0.45467201851450056,NA
190,A,DEL S,S3,5,2,2.142,NA,NA,NA,NA,NA,NA,NA,NA,NA,0.387285745280972,NA
191,A,DEL S,S4,1,2,0.40786,NA,NA,NA,NA,NA,NA,NA,NA,NA,0.0737434005930426,NA
192,A,DEL S,S4,2,2,1.0049,NA,NA,NA,NA,NA,NA,NA,NA,NA,0.18169161784913573,NA
193,A,DEL S,S4,3,2,0.5573,NA,NA,NA,NA,NA,NA,NA,NA,NA,0.10076299992767773,NA
194,A,DEL S,S4,4,2,0.7032,NA,NA,NA,NA,NA,NA,NA,NA,NA,0.1271425471902799,NA
195,A,DEL S,S4,5,2,0.6786,NA,NA,NA,NA,NA,NA,NA,NA,NA,0.12269472770666087,NA
196,A,DEL S,S5,1,2,0.2248,NA,NA,NA,NA,NA,NA,NA,NA,NA,0.04064511463079482,NA
197,A,DEL S,S5,2,2,0.4602,NA,NA,NA,NA,NA,NA,NA,NA,NA,0.08320676936428727,NA
198,A,DEL S,S5,3,2,0.2023,NA,NA,NA,NA,NA,NA,NA,NA,NA,0.036576987054314024,NA
199,A,DEL S,S5,4,2,0.3704,NA,NA,NA,NA,NA,NA,NA,NA,NA,0.06697042019237723,NA
200,A,DEL S,S5,5,2,0.2551,NA,NA,NA,NA,NA,NA,NA,NA,NA,0.04612352643378896,NA
201,A,DEL NS,S1,1,2,3.3919,NA,NA,NA,NA,NA,NA,NA,NA,NA,0.613274752296232,NA
202,A,DEL NS,S1,2,2,2.5613,22379.98,6228.98,14447.05,1601.73,102.22,27.832822013245767,64.553453577706506,7.156976905251926,0.4567475037958032,0.46309756273956754,NA
203,A,DEL NS,S1,3,2,3.3778,12444.29,2947.58,8511.7900000000009,914.91,70.01,23.686204677004472,68.399161382449307,7.35204660129264,0.5625873392535854,0.610725392348304,NA
204,A,DEL NS,S1,4,2,3.2706,NA,NA,NA,NA,NA,NA,NA,NA,NA,0.5913430245172488,NA
205,A,DEL NS,S1,5,2,3.4438,15629.630000000001,4295.52,10468.93,814.11,51.07,27.483184182862935,66.981304099969094,5.2087605400767645,0.3267511770912043,0.6226585665726477,NA
206,A,DEL NS,S3,1,2,2.2573,31987.52,17341.42,13658.34,845.68,142.08,54.21308060143455,42.698965096387589,2.6437810746191013,0.44417322755874794,0.40813263903956026,NA
207,A,DEL NS,S3,2,2,2.3361,NA,NA,NA,NA,NA,NA,NA,NA,NA,0.42238012584074636,NA
208,A,DEL NS,S3,3,2,2.9224,23914.8,9544.37,13838.52,420.62,111.29,39.9098884372857,57.865924030307589,1.758827169786074,0.4653603626206366,0.5283864902003327,NA
209,A,DEL NS,S3,4,2,2.1274,NA,NA,NA,NA,NA,NA,NA,NA,NA,0.3846459824980112,NA
210,A,DEL NS,S3,5,2,1.7636,38255.380000000005,11552.49,17424.2,9200.25,78.44,30.1983407301143,45.547057694891542,24.04955851961214,0.20504305538201423,0.31886887972806827,NA
211,A,DEL NS,S4,1,2,0.7598,NA,NA,NA,NA,NA,NA,NA,NA,NA,0.13737614811600493,NA
212,A,DEL NS,S4,2,2,0.6688,20610.6,1125.38,15722.67,3741.43,21.12,5.460200091215201,76.284387645192282,18.15294071982378,0.10247154376874038,0.1209228321400159,NA
213,A,DEL NS,S4,3,2,1.0645,9648.469999999998,1549.21,8004.41,36.22,58.63,16.05653538851238,82.960407194094017,0.3753963063573811,0.6076611110362578,0.1924676357850582,NA
214,A,DEL NS,S4,4,2,0.8021,20473.219999999998,3543.96,14235.09,2564.32,129.85,17.31022281790554,69.530293720284362,12.52524028950991,0.6342431723002049,0.1450242279597888,NA
215,A,DEL NS,S4,5,2,0.6934,NA,NA,NA,NA,NA,NA,NA,NA,NA,0.12537065162363492,NA
216,A,DEL NS,S5,1,2,0.3045,NA,NA,NA,NA,NA,NA,NA,NA,NA,0.05505532653504014,NA
217,A,DEL NS,S5,2,2,0.2794,NA,NA,NA,NA,NA,NA,NA,NA,NA,0.05051710421638822,NA
218,A,DEL NS,S5,3,2,0,NA,NA,NA,NA,NA,NA,NA,NA,NA,0,NA
219,A,DEL NS,S5,4,2,0.40324,NA,NA,NA,NA,NA,NA,NA,NA,NA,0.07290807839733854,NA
220,A,DEL NS,S5,5,2,0.2362,NA,NA,NA,NA,NA,NA,NA,NA,NA,0.04270629926954509,NA
221,A,Floral,S1,1,2,3.4162,NA,NA,NA,NA,NA,NA,NA,NA,NA,0.6176683300788313,NA
222,A,Floral,S1,2,2,2.4845,NA,NA,NA,NA,NA,NA,NA,NA,NA,0.44921168727851307,NA
223,A,Floral,S1,3,2,3.9118,NA,NA,NA,NA,NA,NA,NA,NA,NA,0.7072756201634482,NA
224,A,Floral,S1,4,2,3.2382,NA,NA,NA,NA,NA,NA,NA,NA,NA,0.5854849208071164,NA
225,A,Floral,S1,5,2,4.4561,NA,NA,NA,NA,NA,NA,NA,NA,NA,0.8056881463802705,NA
226,A,Floral,S3,1,2,2.6478,NA,NA,NA,NA,NA,NA,NA,NA,NA,0.4787372532002604,NA
227,A,Floral,S3,2,2,2.0779,NA,NA,NA,NA,NA,NA,NA,NA,NA,0.3756961018297534,NA
228,A,Floral,S3,3,2,2.7166,NA,NA,NA,NA,NA,NA,NA,NA,NA,0.49117668330078834,NA
229,A,Floral,S3,4,2,2.02,NA,NA,NA,NA,NA,NA,NA,NA,NA,0.3652274535329428,NA
230,A,Floral,S3,5,2,2.3013,NA,NA,NA,NA,NA,NA,NA,NA,NA,0.41608808852245605,NA
231,A,Floral,S4,1,2,0.7995,NA,NA,NA,NA,NA,NA,NA,NA,NA,0.1445541332176177,NA
232,A,Floral,S4,2,2,0.4307,NA,NA,NA,NA,NA,NA,NA,NA,NA,0.07787300209734578,NA
233,A,Floral,S4,3,2,0.6267,14344.94,541.76,13470.58,310.61,21.99,3.7766627117297107,93.904749688740424,2.16529312775097,0.15329447177889902,0.11331091343024517,NA
234,A,Floral,S4,4,2,0.4761,NA,NA,NA,NA,NA,NA,NA,NA,NA,0.0860815795183337,NA
235,A,Floral,S4,5,2,0.5251,NA,NA,NA,NA,NA,NA,NA,NA,NA,0.09494105735155854,NA
236,A,Floral,S5,1,2,0.1817,NA,NA,NA,NA,NA,NA,NA,NA,NA,0.03285239025095827,NA
237,A,Floral,S5,2,2,0.2122,NA,NA,NA,NA,NA,NA,NA,NA,NA,0.03836696318796557,NA
238,A,Floral,S5,3,2,0.2543,NA,NA,NA,NA,NA,NA,NA,NA,NA,0.045978881897736315,NA
239,A,Floral,S5,4,2,0.2185,NA,NA,NA,NA,NA,NA,NA,NA,NA,0.039506038909380196,NA
240,A,Floral,S5,5,2,0.2126,NA,NA,NA,NA,NA,NA,NA,NA,NA,0.0384392854559919,NA
241,A,Swift,S1,1,2,3.518,NA,NA,NA,NA,NA,NA,NA,NA,NA,0.636074347291531,NA
242,A,Swift,S1,2,2,2.6067,NA,NA,NA,NA,NA,NA,NA,NA,NA,0.47130614016055544,NA
243,A,Swift,S1,3,2,3.9378,NA,NA,NA,NA,NA,NA,NA,NA,NA,0.7119765675851595,NA
244,A,Swift,S1,4,2,4.2095,NA,NA,NA,NA,NA,NA,NA,NA,NA,0.7611014681420409,NA
245,A,Swift,S1,5,2,3.8474,NA,NA,NA,NA,NA,NA,NA,NA,NA,0.6956317350112099,NA
246,A,Swift,S3,1,2,1.7933,NA,NA,NA,NA,NA,NA,NA,NA,NA,0.3242388081290229,NA
247,A,Swift,S3,2,2,2.3075,NA,NA,NA,NA,NA,NA,NA,NA,NA,0.4172090836768641,NA
249,A,Swift,S3,4,2,1.8184,NA,NA,NA,NA,NA,NA,NA,NA,NA,0.3287770304476748,NA
251,A,Swift,S4,1,2,0.2986,NA,NA,NA,NA,NA,NA,NA,NA,NA,0.053988573081651836,NA
252,A,Swift,S4,2,2,0.4855,NA,NA,NA,NA,NA,NA,NA,NA,NA,0.08778115281695234,NA
253,A,Swift,S4,3,2,0.9618,NA,NA,NA,NA,NA,NA,NA,NA,NA,0.17389889346929918,NA
254,A,Swift,S4,4,2,0.5037,NA,NA,NA,NA,NA,NA,NA,NA,NA,0.09107181601215014,NA
255,A,Swift,S4,5,2,0.3359,NA,NA,NA,NA,NA,NA,NA,NA,NA,0.06073262457510667,NA
256,A,Swift,S5,1,2,0.3538,NA,NA,NA,NA,NA,NA,NA,NA,NA,0.06396904606928473,NA
257,A,Swift,S5,2,2,0.2356,NA,NA,NA,NA,NA,NA,NA,NA,NA,0.042597815867505606,NA
258,A,Swift,S5,3,2,0.3493,NA,NA,NA,NA,NA,NA,NA,NA,NA,0.06315542055398857,NA
259,A,Swift,S5,4,2,0.3022,NA,NA,NA,NA,NA,NA,NA,NA,NA,0.05463947349388877,NA
260,A,Swift,S5,5,2,0.1754,NA,NA,NA,NA,NA,NA,NA,NA,NA,0.031713314529543644,NA
261,M,Control,S1,1,2,4.0452,NA,NA,NA,NA,NA,NA,NA,NA,NA,0.7313950965502278,NA
262,M,Control,S1,2,2,3.0038,NA,NA,NA,NA,NA,NA,NA,NA,NA,0.5431040717436899,NA
263,M,Control,S1,3,2,4.3174,NA,NA,NA,NA,NA,NA,NA,NA,NA,0.7806103999421422,NA
265,M,Control,S1,5,2,4.3215,NA,NA,NA,NA,NA,NA,NA,NA,NA,0.781351703189412,NA
266,M,Control,S3,1,2,2.4086,NA,NA,NA,NA,NA,NA,NA,NA,NA,0.4354885369205178,NA
267,M,Control,S3,2,2,2.5118,NA,NA,NA,NA,NA,NA,NA,NA,NA,0.45414768207130973,NA
268,M,Control,S3,3,2,2.7554,NA,NA,NA,NA,NA,NA,NA,NA,NA,0.4981919432993418,NA
269,M,Control,S3,4,2,1.6037,NA,NA,NA,NA,NA,NA,NA,NA,NA,0.2899580530845447,NA
270,M,Control,S3,5,2,2.5559,NA,NA,NA,NA,NA,NA,NA,NA,NA,0.4621212121212121,NA
271,M,Control,S4,1,2,1.1301,NA,NA,NA,NA,NA,NA,NA,NA,NA,0.20432848774137558,NA
272,M,Control,S4,2,2,0.7726,NA,NA,NA,NA,NA,NA,NA,NA,NA,0.13969046069284732,NA
273,M,Control,S4,3,2,0.6979,NA,NA,NA,NA,NA,NA,NA,NA,NA,0.12618427713893107,NA
274,M,Control,S4,4,2,0.7324,NA,NA,NA,NA,NA,NA,NA,NA,NA,0.13242207275620163,NA
275,M,Control,S4,5,2,0.5351,NA,NA,NA,NA,NA,NA,NA,NA,NA,0.09674911405221667,NA
276,M,Control,S5,1,2,0.3956,NA,NA,NA,NA,NA,NA,NA,NA,NA,0.07152672307803573,NA
277,M,Control,S5,2,2,0.5181,NA,NA,NA,NA,NA,NA,NA,NA,NA,0.09367541766109785,NA
278,M,Control,S5,3,2,0.5148,NA,NA,NA,NA,NA,NA,NA,NA,NA,0.09307875894988067,NA
279,M,Control,S5,4,2,0.3298,NA,NA,NA,NA,NA,NA,NA,NA,NA,0.05962970998770521,NA
280,M,Control,S5,5,2,0.6381,NA,NA,NA,NA,NA,NA,NA,NA,NA,0.11537209806899544,NA
281,M,NOK S,S1,1,2,4.4174,NA,NA,NA,NA,NA,NA,NA,NA,NA,0.7986909669487234,NA
282,M,NOK S,S1,2,2,3.2228,NA,NA,NA,NA,NA,NA,NA,NA,NA,0.5827005134881029,NA
283,M,NOK S,S1,3,2,4.1018,NA,NA,NA,NA,NA,NA,NA,NA,NA,0.7416286974759528,NA
284,M,NOK S,S1,4,2,3.4577,NA,NA,NA,NA,NA,NA,NA,NA,NA,0.6251717653865625,NA
285,M,NOK S,S1,5,2,4.1009,24012.100000000002,8508.56,13179.59,1688.38,635.57,35.43446845548702,54.887285993311693,7.03137168344293,2.6468738677583383,0.7414659723728936,NA
286,M,NOK S,S3,1,2,2.2732,NA,NA,NA,NA,NA,NA,NA,NA,NA,0.4110074491936067,NA
287,M,NOK S,S3,2,2,1.2684,NA,NA,NA,NA,NA,NA,NA,NA,NA,0.22933391191147753,NA
288,M,NOK S,S3,3,2,2.6282,NA,NA,NA,NA,NA,NA,NA,NA,NA,0.47519346206697044,NA
289,M,NOK S,S3,4,2,2.6254,40426.19,19528.12,18232.71,2442.75,222.61,48.30561574068691,45.101232641512837,6.042493739825592,0.5506578779746496,0.47468720619078614,NA
290,M,NOK S,S3,5,2,2.3249,NA,NA,NA,NA,NA,NA,NA,NA,NA,0.42035510233600926,NA
291,M,NOK S,S4,1,2,0.8102,NA,NA,NA,NA,NA,NA,NA,NA,NA,0.1464887538873219,NA
292,M,NOK S,S4,2,2,0.6595,NA,NA,NA,NA,NA,NA,NA,NA,NA,0.11924133940840384,NA
293,M,NOK S,S4,3,2,0.5883,NA,NA,NA,NA,NA,NA,NA,NA,NA,0.10636797569971795,NA
294,M,NOK S,S4,4,2,0.5114,NA,NA,NA,NA,NA,NA,NA,NA,NA,0.09246401967165689,NA
295,M,NOK S,S4,5,2,0.5317,NA,NA,NA,NA,NA,NA,NA,NA,NA,0.0961343747739929,NA
296,M,NOK S,S5,1,2,0.2963,NA,NA,NA,NA,NA,NA,NA,NA,NA,0.05357272004050047,NA
297,M,NOK S,S5,2,2,0.2645,NA,NA,NA,NA,NA,NA,NA,NA,NA,0.04782309973240761,NA
298,M,NOK S,S5,3,2,0.2901,NA,NA,NA,NA,NA,NA,NA,NA,NA,0.052451724886092434,NA
299,M,NOK S,S5,4,2,0.2626,NA,NA,NA,NA,NA,NA,NA,NA,NA,0.04747956895928256,NA
300,M,NOK S,S5,5,2,0.1837,NA,NA,NA,NA,NA,NA,NA,NA,NA,0.0332140015910899,NA
301,M,NOK NS,S1,1,2,4.4204,22395.530000000002,2557.22,18038.8,1704.56,94.95,11.418439304629091,80.546430470723379,7.6111616916411435,0.4239685330063633,0.799233383958921,NA
302,M,NOK NS,S1,2,2,2.8163,4565.639999999999,271.05,4231.9399999999996,55.23,7.42,5.936736142139986,92.691057551624738,1.209688017452099,0.1625182887831717,0.5092030086063499,NA
303,M,NOK NS,S1,3,2,4.2804,NA,NA,NA,NA,NA,NA,NA,NA,NA,0.7739205901497072,NA
304,M,NOK NS,S1,4,2,4.089,25627.070000000003,1949.65,16982.03,6611.76,83.63,7.6077756840715685,66.265983586886819,25.799906114901155,0.3263346141404382,0.7393143848991105,NA
305,M,NOK NS,S1,5,2,4.2855,NA,NA,NA,NA,NA,NA,NA,NA,NA,0.7748426990670427,NA
306,M,NOK NS,S3,1,2,2.7669,21662.340000000004,4499.75,16848.79,204.58,109.22,20.772224976618404,77.779178057402845,0.944403974824511,0.5041929911542334,0.5002712085050988,NA
307,M,NOK NS,S3,2,2,3.1492,22888.15,4447.09,18154.45,163.79,122.82,19.429661200228065,79.318118764513514,0.715610479658688,0.5366095555997317,0.5693932161712592,NA
308,M,NOK NS,S3,3,2,2.6735,NA,NA,NA,NA,NA,NA,NA,NA,NA,0.48338395892095176,NA
309,M,NOK NS,S3,4,2,1.2862,18248.85,1273.06,14279.97,2653.96,41.86,6.97611082342175,78.251341865377825,14.543162993832489,0.22938431736794374,0.23255225283864903,NA
310,M,NOK NS,S3,5,2,2.3693,NA,NA,NA,NA,NA,NA,NA,NA,NA,0.4283828740869313,NA
311,M,NOK NS,S4,1,2,0.6269,29706.539999999997,7141.1,21318.61,1046.87,199.96,24.038814348624918,71.764029065653574,3.524038814348625,0.6731177713729031,0.11334707456425834,NA
312,M,NOK NS,S4,2,2,0.4566,NA,NA,NA,NA,NA,NA,NA,NA,NA,0.08255586895205033,NA
313,M,NOK NS,S4,3,2,0.9176,21759.68,3886.58,17627.21,97.43,148.46,17.861383990941043,81.008590199855874,0.4477547463933294,0.6822710628097473,0.16590728285239023,NA
314,M,NOK NS,S4,4,2,0.7803,21075.140000000003,4223.94,14357.6,2359.31,134.29,20.04228678907945,68.125763340124905,11.194753629157384,0.6371962416382523,0.1410826643523541,NA
315,M,NOK NS,S4,5,2,0.4219,NA,NA,NA,NA,NA,NA,NA,NA,NA,0.07628191220076662,NA
316,M,NOK NS,S5,1,2,0.2948,NA,NA,NA,NA,NA,NA,NA,NA,NA,0.05330151153540175,NA
317,M,NOK NS,S5,2,2,0.3039,NA,NA,NA,NA,NA,NA,NA,NA,NA,0.05494684313300065,NA
318,M,NOK NS,S5,3,2,0.1302,NA,NA,NA,NA,NA,NA,NA,NA,NA,0.02354089824256889,NA
319,M,NOK NS,S5,4,2,0.4824,NA,NA,NA,NA,NA,NA,NA,NA,NA,0.08722065523974831,NA
320,M,NOK NS,S5,5,2,0.2565,NA,NA,NA,NA,NA,NA,NA,NA,NA,0.0463766543718811,NA
321,M,SLK S,S1,1,2,3.8466,NA,NA,NA,NA,NA,NA,NA,NA,NA,0.6954870904751573,NA
322,M,SLK S,S1,2,2,3.7656,18834.89,2381.84,15550.71,820.81,81.53,12.645892808505918,82.56331733288593,4.357922982295091,0.43286687631305515,0.6808418311998264,NA
323,M,SLK S,S1,3,2,4.5352,20144.859999999997,3426.77,13155.28,3506.53,56.28,17.01064192056932,65.303407420056544,17.40657418319115,0.27937647618300654,0.8199898748824762,NA
324,M,SLK S,S1,4,2,4.4583,20976.14,2640.11,17888.72,346.85,100.46,12.586252761470892,85.281276726795312,1.6535454092125625,0.4789251025212456,0.8060859188544153,NA
325,M,SLK S,S1,5,2,4.1029,NA,NA,NA,NA,NA,NA,NA,NA,NA,0.7418275837130253,NA
326,M,SLK S,S3,1,2,2.7761,27332.86,6780.22,18249.72,2124.66,178.26,24.806112496094446,66.768424526375952,7.773280951938435,0.6521820255911749,0.5019346206697042,NA
327,M,SLK S,S3,2,2,2.0047,32200.399999999998,4784.16,16040.89,11227.37,147.98,14.857455186892087,49.815809741493894,34.86717556303649,0.45955950857753325,0.3624611267809359,NA
328,M,SLK S,S3,3,2,2.5135,NA,NA,NA,NA,NA,NA,NA,NA,NA,0.45445505171042166,NA
329,M,SLK S,S3,4,2,2.5486,NA,NA,NA,NA,NA,NA,NA,NA,NA,0.4608013307297317,NA
330,M,SLK S,S3,5,2,2.1084,NA,NA,NA,NA,NA,NA,NA,NA,NA,0.3812106747667607,NA
331,M,SLK S,S4,1,2,0.8039,NA,NA,NA,NA,NA,NA,NA,NA,NA,0.14534967816590727,NA
332,M,SLK S,S4,2,2,0.6181,19712.069999999996,1818.62,16548.349999999999,1311.78,33.32,9.225920971262786,83.950341085436492,6.654704452652614,0.16903349064811563,0.11175598466767918,NA
333,M,SLK S,S4,3,2,0.3878,19367.45,1857.73,16122.87,1300.59,86.26,9.59202166521664,83.247252477739707,6.715339396771386,0.445386460272261,0.07011643885152238,NA
334,M,SLK S,S4,4,2,0.5081,NA,NA,NA,NA,NA,NA,NA,NA,NA,0.09186736096043972,NA
335,M,SLK S,S4,5,2,0.6175,28685.07,5345.36,21161.31,2093.69,84.71,18.634641644590722,73.771163884208761,7.298884053620926,0.295310417579598,0.1116475012656397,NA
336,M,SLK S,S5,1,2,0.1948,NA,NA,NA,NA,NA,NA,NA,NA,NA,0.03522094452882042,NA
337,M,SLK S,S5,2,2,0.2316,NA,NA,NA,NA,NA,NA,NA,NA,NA,0.04187459318724235,NA
338,M,SLK S,S5,3,2,0.4321,NA,NA,NA,NA,NA,NA,NA,NA,NA,0.0781261300354379,NA
339,M,SLK S,S5,4,2,0.2478,NA,NA,NA,NA,NA,NA,NA,NA,NA,0.04480364504230852,NA
342,M,SLK NS,S1,2,2,3.5681,24686.12,4636.16,18471.14,1503.91,74.91,18.780432080861633,74.823990161272818,6.092127884009314,0.3034498738562399,0.6451327113618283,NA
344,M,SLK NS,S1,4,2,4.5076,NA,NA,NA,NA,NA,NA,NA,NA,NA,0.8149996383886599,NA
346,M,SLK NS,S3,1,2,2.5473,NA,NA,NA,NA,NA,NA,NA,NA,NA,0.4605662833586461,NA
347,M,SLK NS,S3,2,2,1.9214,NA,NA,NA,NA,NA,NA,NA,NA,NA,0.3474000144644536,NA
348,M,SLK NS,S3,3,2,2.0826,NA,NA,NA,NA,NA,NA,NA,NA,NA,0.3765458884790627,NA
349,M,SLK NS,S3,4,2,2.1192,21192.59,4649.72,16274,67.41,201.46,21.940310268825094,76.790991568279281,0.31808287708109295,0.9506152858145229,0.3831633760034715,NA
350,M,SLK NS,S3,5,2,2.1911,NA,NA,NA,NA,NA,NA,NA,NA,NA,0.39616330368120345,NA
351,M,SLK NS,S4,1,2,0.6594,NA,NA,NA,NA,NA,NA,NA,NA,NA,0.11922325884139726,NA
352,M,SLK NS,S4,2,2,0.6046,NA,NA,NA,NA,NA,NA,NA,NA,NA,0.1093151081217907,NA
353,M,SLK NS,S4,3,2,0.6001,NA,NA,NA,NA,NA,NA,NA,NA,NA,0.10850148260649453,NA
354,M,SLK NS,S4,4,2,0.5753,NA,NA,NA,NA,NA,NA,NA,NA,NA,0.10401750198886238,NA
355,M,SLK NS,S4,5,2,0.493,NA,NA,NA,NA,NA,NA,NA,NA,NA,0.08913719534244594,NA
356,M,SLK NS,S5,1,2,0.2698,NA,NA,NA,NA,NA,NA,NA,NA,NA,0.04878136978375641,NA
357,M,SLK NS,S5,2,2,0.2828,NA,NA,NA,NA,NA,NA,NA,NA,NA,0.051131843494611987,NA
358,M,SLK NS,S5,3,2,0.2939,NA,NA,NA,NA,NA,NA,NA,NA,NA,0.053138786432342516,NA
359,M,SLK NS,S5,4,2,0.3196,NA,NA,NA,NA,NA,NA,NA,NA,NA,0.05778549215303392,NA
360,M,SLK NS,S5,5,2,0.3857,NA,NA,NA,NA,NA,NA,NA,NA,NA,0.06973674694438417,NA
361,M,SC S,S1,1,2,4.1228,NA,NA,NA,NA,NA,NA,NA,NA,NA,0.7454256165473349,NA
362,M,SC S,S1,2,2,3.9076,51584.399999999994,19768.02,17426.349999999999,14270.56,119.47,38.321701909879735,33.782209350113604,27.664487713339692,0.23160102666697685,0.7065162363491719,NA
363,M,SC S,S1,3,2,4.2587,NA,NA,NA,NA,NA,NA,NA,NA,NA,0.7699971071092789,NA
364,M,SC S,S1,4,2,4.504,16875.74,2960.51,11007.99,2811.7,95.54,17.5429936702035,65.229672891381355,16.66119530165788,0.5661381367572622,0.8143487379764228,NA
365,M,SC S,S1,5,2,4.8112,24360.229999999996,2852.67,17161.849999999999,4262.61,83.1,11.710357414523592,70.450278999828825,17.4982338015692,0.3411297840783934,0.8698922398206408,NA
367,M,SC S,S3,2,2,2.1446,30882.920000000002,12335.23,15972.31,2501.61,73.77,39.94191611414982,51.718911294657367,8.100302691584863,0.23886989960793859,0.3877558400231431,NA
368,M,SC S,S3,3,2,0.0473,NA,NA,NA,NA,NA,NA,NA,NA,NA,0.008552108194112968,NA
369,M,SC S,S3,4,2,2.61,5011.82,1507.21,3254.2,207.79,42.62,30.07310717463916,64.930504287863485,4.145998858698038,0.8503896787993185,0.47190279887177256,NA
370,M,SC S,S3,5,2,2.1166,NA,NA,NA,NA,NA,NA,NA,NA,NA,0.38269328126130037,NA
371,M,SC S,S4,1,2,0.6405,20225.27,2430.46,15863.38,1839.53,91.9,12.016947116157164,78.433464670681772,9.095206145579269,0.45438206758179245,0.11580603167715338,NA
372,M,SC S,S4,2,2,0.4463,26883.6,4837.06,20236.21,1494.28,316.05,17.99260515704742,75.273438081209363,5.558332961359342,1.1756238003838773,0.08069357055037245,NA
373,M,SC S,S4,3,2,0.73740000000000006,24810.69,3134.16,19496.650000000001,2125.69,54.19,12.632296804321042,78.581651699328006,8.567637578801719,0.21841391754924994,0.1333261011065307,NA
374,M,SC S,S4,4,2,0.5203,NA,NA,NA,NA,NA,NA,NA,NA,NA,0.09407319013524264,NA
375,M,SC S,S4,5,2,0.5802,5378.26,4273.06,0,1015.88,89.32,79.45060298312094,0,18.88863684537378,1.6607601715052822,0.10490344977218487,NA
376,M,SC S,S5,1,2,0.8647,NA,NA,NA,NA,NA,NA,NA,NA,NA,0.15634266290590873,NA
377,M,SC S,S5,2,2,0.3111,NA,NA,NA,NA,NA,NA,NA,NA,NA,0.0562486439574745,NA
378,M,SC S,S5,3,2,0.5137,NA,NA,NA,NA,NA,NA,NA,NA,NA,0.09287987271280827,NA
379,M,SC S,S5,4,2,0.2757,NA,NA,NA,NA,NA,NA,NA,NA,NA,0.049848123237144715,NA
380,M,SC S,S5,5,2,0.2086,NA,NA,NA,NA,NA,NA,NA,NA,NA,0.03771606277572865,NA
381,M,SC NS,S1,1,2,3.5215,19261.770000000004,2540.82,16157.92,493.2,69.83,13.190999581035387,83.885956482711592,2.5605123516686157,0.3625315845843865,0.6367071671367615,NA
382,M,SC NS,S1,2,2,3.5871,24671.72,4642.09,19225.54,584.35,219.74,18.815429163430846,77.925414198928976,2.368501263795147,0.8906553738450338,0.6485680190930787,NA
383,M,SC NS,S1,3,2,4.4582,NA,NA,NA,NA,NA,NA,NA,NA,NA,0.8060678382874086,NA
384,M,SC NS,S1,4,2,2.811,9484.849999999999,220.46,8742.25,519.82,2.32,2.3243382868469196,92.170672177208928,5.480529475953759,0.024460059990405757,0.5082447385550011,NA
385,M,SC NS,S1,5,2,4.155,NA,NA,NA,NA,NA,NA,NA,NA,NA,0.7512475591234541,NA
386,M,SC NS,S3,1,2,2.1419,23092.51,2620,19663.169999999998,679.43,129.91,11.34567008956584,85.149557150781789,2.942209400364014,0.5625633592883581,0.38726766471396545,NA
387,M,SC NS,S3,2,2,1.9116,2936.4599999999996,332.4,2431.4299999999998,170.47,2.16,11.31975235487628,82.801400325562085,5.805289362020938,0.0735579575407123,0.34562811889780864,NA
388,M,SC NS,S3,3,2,2.4232,17271.95,2462.56,13658.32,1023.98,127.09,14.257567906345258,79.078042722448814,5.9285720489000955,0.7358173223058195,0.4381282997034787,NA
389,M,SC NS,S3,4,2,2.2065,NA,NA,NA,NA,NA,NA,NA,NA,NA,0.398947711000217,NA
390,M,SC NS,S3,5,2,1.4402,NA,NA,NA,NA,NA,NA,NA,NA,NA,0.26039632602878426,NA
391,M,SC NS,S4,1,2,0.8344,15257.609999999999,1559.01,13243.39,395.48,59.73,10.21791748511071,86.798587721143747,2.5920180159277897,0.39147677781775786,0.1508642511029146,NA
392,M,SC NS,S4,2,2,0.4476,20600.229999999996,1654.5,18020.939999999999,868.76,56.03,8.031463726375872,87.479314551342398,4.217234467770506,0.2719872545112361,0.08092861792145802,NA
393,M,SC NS,S4,3,2,0.5416,20639.33,3575.81,16536.72,459.8,67,17.32522325094855,80.122368313312492,2.2277854949748854,0.32462294076406545,0.09792435090764445,NA
395,M,SC NS,S4,5,2,0.4648,NA,NA,NA,NA,NA,NA,NA,NA,NA,0.08403847544659,NA
396,M,SC NS,S5,1,2,0.3617,NA,NA,NA,NA,NA,NA,NA,NA,NA,0.06539741086280466,NA
397,M,SC NS,S5,2,2,0.3512,NA,NA,NA,NA,NA,NA,NA,NA,NA,0.06349895132711361,NA
398,M,SC NS,S5,3,2,0.3492,NA,NA,NA,NA,NA,NA,NA,NA,NA,0.063137339986982,NA
399,M,SC NS,S5,4,2,0.4264,NA,NA,NA,NA,NA,NA,NA,NA,NA,0.07709553771606277,NA
400,M,SC NS,S5,5,2,0.2921,NA,NA,NA,NA,NA,NA,NA,NA,NA,0.052813336226224056,NA
401,M,BTN S,S1,1,2,3.9524,NA,NA,NA,NA,NA,NA,NA,NA,NA,0.7146163303681203,NA
402,M,BTN S,S1,2,2,3.1833,NA,NA,NA,NA,NA,NA,NA,NA,NA,0.5755586895205034,NA
403,M,BTN S,S1,3,2,4.1277,NA,NA,NA,NA,NA,NA,NA,NA,NA,0.7463115643306574,NA
404,M,BTN S,S1,4,2,4.2336,NA,NA,NA,NA,NA,NA,NA,NA,NA,0.7654588847906271,NA
405,M,BTN S,S1,5,2,4.0018,NA,NA,NA,NA,NA,NA,NA,NA,NA,0.7235481304693715,NA
406,M,BTN S,S3,1,2,2.3144,NA,NA,NA,NA,NA,NA,NA,NA,NA,0.4184566428003182,NA
407,M,BTN S,S3,2,2,1.5706,NA,NA,NA,NA,NA,NA,NA,NA,NA,0.2839733854053663,NA
410,M,BTN S,S3,5,2,2.0155,NA,NA,NA,NA,NA,NA,NA,NA,NA,0.3644138280176466,NA
411,M,BTN S,S4,1,2,0.3821,NA,NA,NA,NA,NA,NA,NA,NA,NA,0.06908584653214725,NA
412,M,BTN S,S4,2,2,0.6651,NA,NA,NA,NA,NA,NA,NA,NA,NA,0.1202538511607724,NA
413,M,BTN S,S4,3,2,1.6616,NA,NA,NA,NA,NA,NA,NA,NA,NA,0.3004267013813553,NA
414,M,BTN S,S4,4,2,0.5883,NA,NA,NA,NA,NA,NA,NA,NA,NA,0.10636797569971795,NA
415,M,BTN S,S4,5,2,0.4414,NA,NA,NA,NA,NA,NA,NA,NA,NA,0.07980762276704997,NA
416,M,BTN S,S5,1,2,0.36870000000000003,NA,NA,NA,NA,NA,NA,NA,NA,NA,0.06666305055326535,NA
417,M,BTN S,S5,2,2,0.2952,NA,NA,NA,NA,NA,NA,NA,NA,NA,0.05337383380342808,NA
418,M,BTN S,S5,3,2,0.3279,NA,NA,NA,NA,NA,NA,NA,NA,NA,0.059286179214580174,NA
419,M,BTN S,S5,4,2,0.3056,NA,NA,NA,NA,NA,NA,NA,NA,NA,0.05525421277211253,NA
420,M,BTN S,S5,5,2,0.4032,NA,NA,NA,NA,NA,NA,NA,NA,NA,0.07290084617053591,NA
421,M,BTN NS,S1,1,2,3.3856,24397.64,4157.8,16907.400000000001,3215.85,116.59,17.041812240856082,69.299325672483079,13.180987997199727,0.4778740894611119,0.6121356765748174,NA
422,M,BTN NS,S1,2,2,2.611,NA,NA,NA,NA,NA,NA,NA,NA,NA,0.47208360454183845,NA
423,M,BTN NS,S1,3,2,3.5445,15423.390000000001,1664.43,13534.78,174.35,49.83,10.791596400013226,87.754896945483452,1.130425931004792,0.32308072349853045,0.6408656975482752,NA
424,M,BTN NS,S1,4,2,4.283,12737.939999999999,1560.41,10320.780000000001,819.54,37.21,12.250096954452605,81.023933226251671,6.433850371410134,0.2921194478856079,0.7743906848918782,NA
425,M,BTN NS,S1,5,2,4.1248,NA,NA,NA,NA,NA,NA,NA,NA,NA,0.7457872278874664,NA
426,M,BTN NS,S3,1,2,2.1855,NA,NA,NA,NA,NA,NA,NA,NA,NA,0.3951507919288349,NA
427,M,BTN NS,S3,2,2,1.9663,18265.88,1030.2,17039.88,158.62,37.18,5.640023913438608,93.288032112331848,0.8683950622691051,0.20354891196044206,0.3555181890504086,NA
428,M,BTN NS,S3,3,2,2.177,17380.260000000002,1245.25,15927.83,151.37,55.81,7.164737466528118,91.643220527195794,0.870930584467666,0.3211114218084194,0.39361394373327546,NA
429,M,BTN NS,S3,4,2,2.1006,20549.829999999998,4541.78,15797.05,63.31,147.69,22.101302054566876,76.871925461183864,0.30808040747782345,0.7186920767714381,0.37980039054024733,NA
430,M,BTN NS,S3,5,2,2.185,NA,NA,NA,NA,NA,NA,NA,NA,NA,0.395060389093802,NA
431,M,BTN NS,S4,1,2,0.6116,21527.02,1982.65,18802.93,686.78,54.66,9.210053226131624,87.345717149888841,3.1903161700969287,0.2539134538826089,0.1105807478122514,NA
432,M,BTN NS,S4,2,2,0.6446,22848.829999999998,6227.89,16284.66,219.46,116.82,27.256931755367788,71.271307983822368,0.9604868170492757,0.5112734437605777,0.11654733492442322,NA
433,M,BTN NS,S4,3,2,0.8318,25765.719999999998,3129.62,21366.53,1167.28,102.29,12.146448847538514,82.926190302463894,4.530360494486473,0.397000355511121,0.15039415636074346,NA
434,M,BTN NS,S4,4,2,0.5308,23789.76,1333.42,21339.83,1053.57,62.94,5.605016612189448,89.701745625008428,4.428670150518543,0.26456761228360437,0.09597164967093369,NA
436,M,BTN NS,S5,1,2,0.276,NA,NA,NA,NA,NA,NA,NA,NA,NA,0.04990236493816446,NA
437,M,BTN NS,S5,2,2,0.3462,NA,NA,NA,NA,NA,NA,NA,NA,NA,0.06259492297678455,NA
438,M,BTN NS,S5,3,2,0.3285,NA,NA,NA,NA,NA,NA,NA,NA,NA,0.05939466261661966,NA
439,M,BTN NS,S5,4,2,0.3435,NA,NA,NA,NA,NA,NA,NA,NA,NA,0.06210674766760686,NA
440,M,BTN NS,S5,5,2,0.3477,NA,NA,NA,NA,NA,NA,NA,NA,NA,0.06286613148188328,NA
441,M,DEL S,S1,1,2,4.4172,NA,NA,NA,NA,NA,NA,NA,NA,NA,0.7986548058147104,NA
442,M,DEL S,S1,2,2,3.4592,NA,NA,NA,NA,NA,NA,NA,NA,NA,0.6254429738916613,NA
443,M,DEL S,S1,3,2,4.0878,NA,NA,NA,NA,NA,NA,NA,NA,NA,0.7390974180950314,NA
444,M,DEL S,S1,4,2,4.1707,NA,NA,NA,NA,NA,NA,NA,NA,NA,0.7540862081434874,NA
445,M,DEL S,S1,5,2,3.8199,NA,NA,NA,NA,NA,NA,NA,NA,NA,0.6906595790844001,NA
446,M,DEL S,S3,1,2,2.0962,NA,NA,NA,NA,NA,NA,NA,NA,NA,0.37900484559195774,NA
447,M,DEL S,S3,2,2,2.5351,NA,NA,NA,NA,NA,NA,NA,NA,NA,0.4583604541838432,NA
448,M,DEL S,S3,3,2,2.1885,NA,NA,NA,NA,NA,NA,NA,NA,NA,0.3956932089390323,NA
449,M,DEL S,S3,4,2,2.3652,NA,NA,NA,NA,NA,NA,NA,NA,NA,0.42764157083966153,NA
450,M,DEL S,S3,5,2,2.3357,NA,NA,NA,NA,NA,NA,NA,NA,NA,0.4223078035727201,NA
451,M,DEL S,S4,1,2,1.1109,NA,NA,NA,NA,NA,NA,NA,NA,NA,0.20085701887611196,NA
452,M,DEL S,S4,2,2,0.9045,NA,NA,NA,NA,NA,NA,NA,NA,NA,0.16353872857452809,NA
453,M,DEL S,S4,3,2,0.7753,15449.42,1676.27,12075.6,1665.4,32.15,10.850051328787748,78.162157543778349,10.779692700437945,0.2080984269959649,0.14017863600202501,NA
454,M,DEL S,S4,4,2,0.6723,NA,NA,NA,NA,NA,NA,NA,NA,NA,0.12155565198524626,NA
455,M,DEL S,S4,5,2,0.5236,NA,NA,NA,NA,NA,NA,NA,NA,NA,0.09466984884645982,NA
456,M,DEL S,S5,1,2,0.4884,NA,NA,NA,NA,NA,NA,NA,NA,NA,0.0883054892601432,NA
457,M,DEL S,S5,2,2,0.5137,NA,NA,NA,NA,NA,NA,NA,NA,NA,0.09287987271280827,NA
458,M,DEL S,S5,3,2,0.3383,NA,NA,NA,NA,NA,NA,NA,NA,NA,0.06116655818326462,NA
459,M,DEL S,S5,4,2,0.3105,NA,NA,NA,NA,NA,NA,NA,NA,NA,0.05614016055543502,NA
460,M,DEL S,S5,5,2,0.2782,NA,NA,NA,NA,NA,NA,NA,NA,NA,0.05030013741230925,NA
461,M,DEL NS,S1,1,2,4.1626,NA,NA,NA,NA,NA,NA,NA,NA,NA,0.7526216822159544,NA
462,M,DEL NS,S1,2,2,3.002,28873.22,5579.85,22787.41,492.16,13.8,19.325347155599548,78.922302396476724,1.7045552937981978,0.04779515412551839,0.5427786215375714,NA
463,M,DEL NS,S1,3,2,3.7687,NA,NA,NA,NA,NA,NA,NA,NA,NA,0.6814023287770304,NA
466,M,DEL NS,S3,1,2,2.4107,NA,NA,NA,NA,NA,NA,NA,NA,NA,0.43586822882765597,NA
467,M,DEL NS,S3,2,2,1.7437,26370.339999999997,3076.78,22971.94,273.03,48.59,11.667578044120784,87.112794146757309,1.03536776545164,0.18426004367027507,0.31527084689375856,NA
468,M,DEL NS,S3,3,2,2.2586,22875.989999999998,8800.68,13190.46,789.35,95.5,38.4712530474091,57.660717634515493,3.4505610467568837,0.4174682713185309,0.4083676864106458,NA
469,M,DEL NS,S3,4,2,1.8035,NA,NA,NA,NA,NA,NA,NA,NA,NA,0.3260830259636942,NA
470,M,DEL NS,S3,5,2,1.3428,10958.550000000001,5900.65,4013.87,1015.02,29.01,53.84517112209187,36.627747284084109,9.262356789903773,0.2647248039202266,0.24278585376437403,NA
471,M,DEL NS,S4,1,2,0.3289,30714.59,8624.8,15028.79,7048.64,12.36,28.080465993522946,48.930459433122827,22.948833111560337,0.04024146179389013,0.05946698488464598,NA
472,M,DEL NS,S4,2,2,0.5258,17798.84,940.16,16704.55,143.79,10.34,5.282141982286486,93.85190270826638,0.8078616359268357,0.058093673520296825,0.09506762132060462,NA
473,M,DEL NS,S4,3,2,0.4586,15088.64,3010.64,11821.94,182.21,73.85,19.953024261961318,78.349937436375981,1.20759723871734,0.4894410629453681,0.08291748029218196,NA
474,M,DEL NS,S4,4,2,0.6163,NA,NA,NA,NA,NA,NA,NA,NA,NA,0.1114305344615607,NA
475,M,DEL NS,S4,5,2,0.4473,NA,NA,NA,NA,NA,NA,NA,NA,NA,0.08087437622043826,NA
476,M,DEL NS,S5,1,2,0.2609,NA,NA,NA,NA,NA,NA,NA,NA,NA,0.04717219932017068,NA
477,M,DEL NS,S5,2,2,0.3233,NA,NA,NA,NA,NA,NA,NA,NA,NA,0.058454473132277425,NA
478,M,DEL NS,S5,3,2,0.1612,NA,NA,NA,NA,NA,NA,NA,NA,NA,0.0291458740146091,NA
479,M,DEL NS,S5,4,2,0.2586,NA,NA,NA,NA,NA,NA,NA,NA,NA,0.046756346279019305,NA
480,M,DEL NS,S1,5,2,0.3486,28272.609999999997,8841.4,7821.24,11426.38,183.59,31.27196251071267,27.663664585618381,40.41501651244791,0.649356391221044,0.0630288565849425,NA
481,M,Floral,S1,1,2,3.1964,NA,NA,NA,NA,NA,NA,NA,NA,NA,0.5779272437983656,NA
482,M,Floral,S1,2,2,3.1575,NA,NA,NA,NA,NA,NA,NA,NA,NA,0.5708939032328054,NA
483,M,Floral,S1,3,2,4.2665,NA,NA,NA,NA,NA,NA,NA,NA,NA,0.7714073913357922,NA
484,M,Floral,S1,4,2,4.1882,NA,NA,NA,NA,NA,NA,NA,NA,NA,0.7572503073696392,NA
485,M,Floral,S1,5,2,3.6303,NA,NA,NA,NA,NA,NA,NA,NA,NA,0.6563788240399219,NA
486,M,Floral,S3,1,2,1.5243,NA,NA,NA,NA,NA,NA,NA,NA,NA,0.27560208288131915,NA
487,M,Floral,S3,2,2,1.8048,NA,NA,NA,NA,NA,NA,NA,NA,NA,0.32631807333477975,NA
488,M,Floral,S3,3,2,2.1441,NA,NA,NA,NA,NA,NA,NA,NA,NA,0.3876654371881102,NA
489,M,Floral,S3,4,2,1.3043,NA,NA,NA,NA,NA,NA,NA,NA,NA,0.23582483546684024,NA
490,M,Floral,S3,5,2,1.8018,NA,NA,NA,NA,NA,NA,NA,NA,NA,0.32577565632458233,NA
491,M,Floral,S4,1,2,0.3782,NA,NA,NA,NA,NA,NA,NA,NA,NA,0.06838070441889058,NA
492,M,Floral,S4,2,2,0.3832,NA,NA,NA,NA,NA,NA,NA,NA,NA,0.06928473276921963,NA
493,M,Floral,S4,3,2,0.3414,NA,NA,NA,NA,NA,NA,NA,NA,NA,0.06172705576046864,NA
494,M,Floral,S4,4,2,0.5315,NA,NA,NA,NA,NA,NA,NA,NA,NA,0.09609821363997974,NA
495,M,Floral,S4,5,2,0.4604,NA,NA,NA,NA,NA,NA,NA,NA,NA,0.08324293049830042,NA
496,M,Floral,S5,1,2,0.3104,NA,NA,NA,NA,NA,NA,NA,NA,NA,0.056122079988428435,NA
497,M,Floral,S5,2,2,0.3149,NA,NA,NA,NA,NA,NA,NA,NA,NA,0.0569357055037246,NA
498,M,Floral,S5,3,2,0.3258,NA,NA,NA,NA,NA,NA,NA,NA,NA,0.058906487307441954,NA
499,M,Floral,S5,4,2,0.4091,NA,NA,NA,NA,NA,NA,NA,NA,NA,0.07396759962392421,NA
500,M,Floral,S5,5,2,0.3715,NA,NA,NA,NA,NA,NA,NA,NA,NA,0.06716930642944963,NA
501,M,Swift,S1,1,2,3.1367,NA,NA,NA,NA,NA,NA,NA,NA,NA,0.5671331452954365,NA
502,M,Swift,S1,2,2,3.4685,NA,NA,NA,NA,NA,NA,NA,NA,NA,0.6271244666232733,NA
503,M,Swift,S1,3,2,3.3566,NA,NA,NA,NA,NA,NA,NA,NA,NA,0.6068923121429087,NA
504,M,Swift,S1,4,2,3.1191,NA,NA,NA,NA,NA,NA,NA,NA,NA,0.5639509655022781,NA
505,M,Swift,S1,5,2,3.6708,NA,NA,NA,NA,NA,NA,NA,NA,NA,0.6637014536775873,NA
506,M,Swift,S3,1,2,1.9949,NA,NA,NA,NA,NA,NA,NA,NA,NA,0.36068923121429086,NA
507,M,Swift,S3,2,2,1.3502,NA,NA,NA,NA,NA,NA,NA,NA,NA,0.24412381572286107,NA
508,M,Swift,S3,3,2,2.6397,NA,NA,NA,NA,NA,NA,NA,NA,NA,0.47727272727272724,NA
509,M,Swift,S3,4,2,2.8041,NA,NA,NA,NA,NA,NA,NA,NA,NA,0.506997179431547,NA
510,M,Swift,S3,5,2,1.7655,NA,NA,NA,NA,NA,NA,NA,NA,NA,0.3192124105011933,NA
511,M,Swift,S4,1,2,1.1017,NA,NA,NA,NA,NA,NA,NA,NA,NA,0.19919360671150646,NA
512,M,Swift,S4,2,2,0.567,NA,NA,NA,NA,NA,NA,NA,NA,NA,0.10251681492731611,NA
513,M,Swift,S4,3,2,0.7478,NA,NA,NA,NA,NA,NA,NA,NA,NA,0.13520648007521516,NA
514,M,Swift,S4,4,2,0.845,NA,NA,NA,NA,NA,NA,NA,NA,NA,0.1527807912056122,NA
515,M,Swift,S4,5,2,0.4404,NA,NA,NA,NA,NA,NA,NA,NA,NA,0.07962681709698416,NA
516,M,Swift,S5,1,2,0.4274,NA,NA,NA,NA,NA,NA,NA,NA,NA,0.07727634338612858,NA
517,M,Swift,S5,2,2,0.3058,NA,NA,NA,NA,NA,NA,NA,NA,NA,0.0552903739061257,NA
518,M,Swift,S5,3,2,0.2774,NA,NA,NA,NA,NA,NA,NA,NA,NA,0.05015549287625659,NA
519,M,Swift,S5,4,2,0.3959,NA,NA,NA,NA,NA,NA,NA,NA,NA,0.07158096477905547,NA
520,M,Swift,S5,5,2,0.3504,NA,NA,NA,NA,NA,NA,NA,NA,NA,0.06335430679106097,NA
521,R,Control,S1,1,2,5.001,NA,NA,NA,NA,NA,NA,NA,NA,NA,0.9042091559991322,NA
522,R,Control,S1,2,2,4.9844,NA,NA,NA,NA,NA,NA,NA,NA,NA,0.9012077818760396,NA
523,R,Control,S1,3,2,4.9987,NA,NA,NA,NA,NA,NA,NA,NA,NA,0.9037933029579808,NA
524,R,Control,S1,4,2,3.8205,NA,NA,NA,NA,NA,NA,NA,NA,NA,0.6907680624864395,NA
525,R,Control,S1,5,2,4.7616,NA,NA,NA,NA,NA,NA,NA,NA,NA,0.8609242785853763,NA
526,R,Control,S3,1,2,2.9134,NA,NA,NA,NA,NA,NA,NA,NA,NA,0.5267592391697404,NA
527,R,Control,S3,2,2,3.3,NA,NA,NA,NA,NA,NA,NA,NA,NA,0.5966587112171837,NA
528,R,Control,S3,3,2,2.7334,NA,NA,NA,NA,NA,NA,NA,NA,NA,0.494214218557894,NA
529,R,Control,S3,4,2,3.2254,NA,NA,NA,NA,NA,NA,NA,NA,NA,0.5831706082302741,NA
530,R,Control,S3,5,2,3.4376,NA,NA,NA,NA,NA,NA,NA,NA,NA,0.6215375714182397,NA
531,R,Control,S4,1,2,0.8541,NA,NA,NA,NA,NA,NA,NA,NA,NA,0.1544261228032111,NA
532,R,Control,S4,2,2,0.6255,NA,NA,NA,NA,NA,NA,NA,NA,NA,0.11309394662616619,NA
533,R,Control,S4,3,2,0.7058,NA,NA,NA,NA,NA,NA,NA,NA,NA,0.127612641932451,NA
534,R,Control,S4,4,2,0.3986,NA,NA,NA,NA,NA,NA,NA,NA,NA,0.07206914008823316,NA
535,R,Control,S4,5,2,0.8351,NA,NA,NA,NA,NA,NA,NA,NA,NA,0.15099081507196063,NA
536,R,Control,S5,1,2,0.3691,NA,NA,NA,NA,NA,NA,NA,NA,NA,0.06673537282129167,NA
537,R,Control,S5,2,2,0.3083,NA,NA,NA,NA,NA,NA,NA,NA,NA,0.05574238808129023,NA
538,R,Control,S5,3,2,0.2696,NA,NA,NA,NA,NA,NA,NA,NA,NA,0.04874520864974326,NA
539,R,Control,S5,4,2,0.4989,NA,NA,NA,NA,NA,NA,NA,NA,NA,0.09020394879583424,NA
540,R,Control,S5,5,2,0.4727,NA,NA,NA,NA,NA,NA,NA,NA,NA,0.08546684024010993,NA
541,R,NOK S,S1,1,2,3.6987,NA,NA,NA,NA,NA,NA,NA,NA,NA,0.6687459318724235,NA
542,R,NOK S,S1,2,2,3.7832,NA,NA,NA,NA,NA,NA,NA,NA,NA,0.6840240109929847,NA
543,R,NOK S,S1,3,2,5.0146,NA,NA,NA,NA,NA,NA,NA,NA,NA,0.9066681131120271,NA
544,R,NOK S,S1,4,2,4.5978,NA,NA,NA,NA,NA,NA,NA,NA,NA,0.8313083098285963,NA
545,R,NOK S,S1,5,2,4.6634,NA,NA,NA,NA,NA,NA,NA,NA,NA,0.8431691617849136,NA
546,R,NOK S,S3,1,2,2.4804,NA,NA,NA,NA,NA,NA,NA,NA,NA,0.4484703840312432,NA
547,R,NOK S,S3,2,2,2.0437,NA,NA,NA,NA,NA,NA,NA,NA,NA,0.3695125479135025,NA
548,R,NOK S,S3,3,2,2.644,NA,NA,NA,NA,NA,NA,NA,NA,NA,0.4780501916540103,NA
549,R,NOK S,S3,4,2,2.8633,NA,NA,NA,NA,NA,NA,NA,NA,NA,0.5177008750994432,NA
550,R,NOK S,S3,5,2,2.4278,NA,NA,NA,NA,NA,NA,NA,NA,NA,0.4389600057857814,NA
551,R,NOK S,S4,1,2,0.8489,NA,NA,NA,NA,NA,NA,NA,NA,NA,0.15348593331886887,NA
552,R,NOK S,S4,2,2,0.4476,NA,NA,NA,NA,NA,NA,NA,NA,NA,0.08092861792145802,NA
553,R,NOK S,S4,3,2,0.3034,NA,NA,NA,NA,NA,NA,NA,NA,NA,0.05485644029796774,NA
554,R,NOK S,S4,4,2,0.9883,NA,NA,NA,NA,NA,NA,NA,NA,NA,0.17869024372604322,NA
555,R,NOK S,S4,5,2,0.4626,NA,NA,NA,NA,NA,NA,NA,NA,NA,0.08364070297244522,NA
556,R,NOK S,S5,1,2,0.3622,NA,NA,NA,NA,NA,NA,NA,NA,NA,0.06548781369783757,NA
557,R,NOK S,S5,2,2,0.4816,NA,NA,NA,NA,NA,NA,NA,NA,NA,0.08707601070369567,NA
558,R,NOK S,S5,3,2,0.3334,NA,NA,NA,NA,NA,NA,NA,NA,NA,0.06028061039994213,NA
559,R,NOK S,S5,4,2,0.3655,NA,NA,NA,NA,NA,NA,NA,NA,NA,0.06608447240905474,NA
560,R,NOK S,S5,5,2,0.3427,NA,NA,NA,NA,NA,NA,NA,NA,NA,0.0619621031315542,NA
561,R,NOK NS,S1,1,2,3.6853,NA,NA,NA,NA,NA,NA,NA,NA,NA,0.6663231358935415,NA
562,R,NOK NS,S1,2,2,3.6189,15770.67,2859.08,11600.65,1283.04,27.9,18.129096607816916,73.558384012854233,8.135608696396538,0.17691068293230408,0.6543176394011716,NA
563,R,NOK NS,S1,3,2,5.0017,2541.37,711.84,1585.22,102.05,142.26,28.010089046459196,62.376592153051313,4.0155506675533275,5.597768132936172,0.9043357199681781,NA
564,R,NOK NS,S1,4,2,4.567,14727.669999999998,2870.99,9428.09,2406.13,22.46,19.49385069057088,64.016168205832983,16.33747904454676,0.1525020590493948,0.8257394951905692,NA
565,R,NOK NS,S1,5,2,4.1934,NA,NA,NA,NA,NA,NA,NA,NA,NA,0.7581904968539812,NA
567,R,NOK NS,S3,2,2,2.5232,11434.339999999998,950.47,8599.77,1805.29,78.81,8.312416807616357,75.210025239760242,15.7883183463147,0.6892396063087158,0.45620886671006006,NA
568,R,NOK NS,S3,3,2,3.2632,22358.469999999998,3878.26,17209.05,1222.04,49.12,17.34582017463628,76.968817633764758,5.465669162514251,0.21969302908472718,0.5900050625587618,NA
569,R,NOK NS,S3,4,2,2.5676,NA,NA,NA,NA,NA,NA,NA,NA,NA,0.4642366384609821,NA
570,R,NOK NS,S3,5,2,2.7787,14608.85,1508.18,13013.25,46.65,40.77,10.323742115224675,89.077853492916958,0.31932698330121806,0.27907740855714175,0.5024047154118754,NA
571,R,NOK NS,S4,1,2,1.3568,33341.28,1912.48,21352.99,10032.73,43.08,5.736072520311158,64.043701981447626,30.09101630171367,0.12920919652754784,0.24531713314529544,NA
572,R,NOK NS,S4,2,2,1.3319,16486.319999999996,1648.4,14436.72,356.85,44.35,9.99859277267456,87.567874455912559,2.164521858122371,0.2690109132905343,0.24081507196065668,NA
573,R,NOK NS,S4,3,2,1.1063,26565.090000000004,7587.54,18119.77,760.15,97.63,28.562071500604734,68.208953931644871,2.8614621670771676,0.3675124006732143,0.20002531279380922,NA
574,R,NOK NS,S4,4,2,1.3062,NA,NA,NA,NA,NA,NA,NA,NA,NA,0.2361683662399653,NA
575,R,NOK NS,S4,5,2,1.0209,NA,NA,NA,NA,NA,NA,NA,NA,NA,0.18458450857018874,NA
576,R,NOK NS,S5,1,2,0.3738,NA,NA,NA,NA,NA,NA,NA,NA,NA,0.067585159470601,NA
577,R,NOK NS,S5,2,2,0.4643,NA,NA,NA,NA,NA,NA,NA,NA,NA,0.0839480726115571,NA
578,R,NOK NS,S5,3,2,0.466,NA,NA,NA,NA,NA,NA,NA,NA,NA,0.08425544225066899,NA
579,R,NOK NS,S5,4,2,0.2348,NA,NA,NA,NA,NA,NA,NA,NA,NA,0.04245317133145295,NA
580,R,NOK NS,S5,5,2,0.3323,NA,NA,NA,NA,NA,NA,NA,NA,NA,0.06008172416286974,NA
581,R,SLK S,S1,1,2,3.714,23909.469999999998,4451.19,18448.96,967.1,42.22,18.616849306990076,77.161727131550805,4.044840809938489,0.1765827515206318,0.6715122586244304,NA
582,R,SLK S,S1,2,2,4.3344,NA,NA,NA,NA,NA,NA,NA,NA,NA,0.7836840963332609,NA
583,R,SLK S,S1,3,2,4.7596,34216.74,9176.86,22136.17,2866.31,37.4,26.819796392058393,64.69397727545055,8.37692310839665,0.10930322409440525,0.8605626672452448,NA
584,R,SLK S,S1,4,2,3.7028,NA,NA,NA,NA,NA,NA,NA,NA,NA,0.6694872351196933,NA
585,R,SLK S,S1,5,2,5.5308,23267.41,2191.2,19239.349999999999,1804.21,32.65,9.417464169840992,82.687974295377089,7.754236505051486,0.14032502973042552,1,NA
586,R,SLK S,S3,1,2,3.2448,3822.8899999999994,1441.11,0,2336.08,45.7,37.69687330789011,0,61.10769601008662,1.1954306820232863,0.5866782382295509,NA
587,R,SLK S,S3,2,2,2.6514,NA,NA,NA,NA,NA,NA,NA,NA,NA,0.4793881536124973,NA
588,R,SLK S,S3,3,2,3.4904,18217.86,3196.66,14803.96,116.54,100.7,17.546846885419033,81.260696920494496,0.639701918886192,0.5527542752002704,0.6310841107977146,NA
589,R,SLK S,S3,4,2,3.0156,26784.399999999998,5387.56,19993.849999999999,1307.58,95.41,20.114544286973018,74.647369364256804,4.881871537163423,0.3562148116067562,0.5452375786504665,NA
591,R,SLK S,S4,1,2,0.7845,NA,NA,NA,NA,NA,NA,NA,NA,NA,0.14184204816663049,NA
592,R,SLK S,S4,2,2,0.4404,3306.06,1610.75,OUT OF RANGE (HIGH),1654.35,40.96,48.721136337513535,#VALUE,50.03992668009655,1.2389369823899143,0.07962681709698416,NA
593,R,SLK S,S4,3,2,0.2349,16128.630000000001,742.53,14312.29,1060.99,12.82,4.60380081879242,88.73841113597372,6.578302062853448,0.07948598238040057,0.04247125189845954,NA
594,R,SLK S,S4,4,2,0.5977,NA,NA,NA,NA,NA,NA,NA,NA,NA,0.10806754899833658,NA
595,R,SLK S,S4,5,2,0.7157,19275.61,4593.37,13956.6,652.53,73.11,23.829959207516648,72.405490669296597,3.3852625156869225,0.3792876074998405,0.12940261806610254,NA
596,R,SLK S,S5,1,2,0.2845,NA,NA,NA,NA,NA,NA,NA,NA,NA,0.05143921313372387,NA
597,R,SLK S,S5,2,2,0.4643,NA,NA,NA,NA,NA,NA,NA,NA,NA,0.0839480726115571,NA
598,R,SLK S,S5,3,2,0.1853,NA,NA,NA,NA,NA,NA,NA,NA,NA,0.0335032906631952,NA
599,R,SLK S,S5,4,2,0.4407,NA,NA,NA,NA,NA,NA,NA,NA,NA,0.0796810587980039,NA
600,R,SLK S,S5,5,2,0.2436,NA,NA,NA,NA,NA,NA,NA,NA,NA,0.044044261228032115,NA
601,R,SLK NS,S1,1,2,4.2485,NA,NA,NA,NA,NA,NA,NA,NA,NA,0.7681528892746076,NA
602,R,SLK NS,S1,2,2,3.0166,NA,NA,NA,NA,NA,NA,NA,NA,NA,0.5454183843205322,NA
603,R,SLK NS,S1,3,2,4.83322,NA,NA,NA,NA,NA,NA,NA,NA,NA,0.8738735806754899,NA
604,R,SLK NS,S1,4,2,3.7338,NA,NA,NA,NA,NA,NA,NA,NA,NA,0.6750922108917335,NA
605,R,SLK NS,S1,5,2,5.3128,NA,NA,NA,NA,NA,NA,NA,NA,NA,0.9605843639256527,NA
606,R,SLK NS,S3,1,2,2.4712,NA,NA,NA,NA,NA,NA,NA,NA,NA,0.44680697186663776,NA
607,R,SLK NS,S3,2,2,1.8315,NA,NA,NA,NA,NA,NA,NA,NA,NA,0.33114558472553696,NA
608,R,SLK NS,S3,3,2,2.94,NA,NA,NA,NA,NA,NA,NA,NA,NA,0.531568669993491,NA
609,R,SLK NS,S3,4,2,2.8106,NA,NA,NA,NA,NA,NA,NA,NA,NA,0.5081724162869747,NA
610,R,SLK NS,S3,5,2,2.6073,NA,NA,NA,NA,NA,NA,NA,NA,NA,0.4714146235625949,NA
611,R,SLK NS,S4,1,2,0.7762,NA,NA,NA,NA,NA,NA,NA,NA,NA,0.14034136110508424,NA
612,R,SLK NS,S4,2,2,1.0587,NA,NA,NA,NA,NA,NA,NA,NA,NA,0.1914189628986765,NA
613,R,SLK NS,S4,3,2,0.9162,NA,NA,NA,NA,NA,NA,NA,NA,NA,0.1656541549142981,NA
614,R,SLK NS,S4,4,2,0.8775,NA,NA,NA,NA,NA,NA,NA,NA,NA,0.15865697548275112,NA
615,R,SLK NS,S4,5,2,0.5052,NA,NA,NA,NA,NA,NA,NA,NA,NA,0.09134302451724885,NA
616,R,SLK NS,S5,1,2,0.5327,NA,NA,NA,NA,NA,NA,NA,NA,NA,0.09631518044405872,NA
617,R,SLK NS,S5,2,2,0.3462,NA,NA,NA,NA,NA,NA,NA,NA,NA,0.06259492297678455,NA
618,R,SLK NS,S5,3,2,0.2815,NA,NA,NA,NA,NA,NA,NA,NA,NA,0.050896796123526426,NA
619,R,SLK NS,S5,4,2,0.3675,NA,NA,NA,NA,NA,NA,NA,NA,NA,0.06644608374918637,NA
620,R,SLK NS,S5,5,2,0.4097,NA,NA,NA,NA,NA,NA,NA,NA,NA,0.07407608302596369,NA
621,R,SC S,S1,1,2,4.408,NA,NA,NA,NA,NA,NA,NA,NA,NA,0.796991393650105,NA
622,R,SC S,S1,2,2,2.9587,19426.33,5346.39,11273.41,2747.81,58.72,27.521358897949327,58.031599380840326,14.144771554894826,0.30227016631551096,0.5349497360237216,NA
623,R,SC S,S1,3,2,4.6975,NA,NA,NA,NA,NA,NA,NA,NA,NA,0.8493346351341577,NA
624,R,SC S,S1,4,2,3.8271,25458.479999999996,3789.6,18095.189999999999,3543.19,30.5,14.88541342609614,71.077259914967442,13.917523748472025,0.11980291046441108,0.691961379908874,NA
625,R,SC S,S1,5,2,3.9312,6893.2300000000005,631.45,6006.13,242.81,12.84,9.160437124541035,87.130851574660923,3.522441583988928,0.1862697168091011,0.710783250162725,NA
626,R,SC S,S3,1,2,3.0631,26965.629999999997,3279.63,22955.67,664.07,66.26,12.16225988415624,85.129366530654025,2.462653385068326,0.24572020012141385,0.5538258479785926,NA
627,R,SC S,S3,2,2,2.6851,23037.83,1674.48,20308.400000000001,1008.98,45.97,7.268392899852112,88.15239977029087,4.379665966803297,0.1995413630537251,0.48548130469371514,NA
628,R,SC S,S3,3,2,2.7569,19980.209999999995,960.67,17795.82,1205.85,17.87,4.808107622492457,89.06723202608984,6.035221852022577,0.08943849939515153,0.49846315180444056,NA
629,R,SC S,S3,4,2,2.4783,NA,NA,NA,NA,NA,NA,NA,NA,NA,0.448090692124105,NA
630,R,SC S,S3,5,2,2.8208,NA,NA,NA,NA,NA,NA,NA,NA,NA,0.5100166341216461,NA
631,R,SC S,S4,1,2,1.1512,20128.850000000002,2382.31,17213.37,415.84,117.33,11.835301072838238,85.515913725821378,2.065890500450845,0.5828947008895192,0.20814348737976424,NA
632,R,SC S,S4,2,2,0.6456,NA,NA,NA,NA,NA,NA,NA,NA,NA,0.11672814059448904,NA
633,R,SC S,S4,3,2,0.5519,NA,NA,NA,NA,NA,NA,NA,NA,NA,0.09978664930932232,NA
634,R,SC S,S4,4,2,0.5936,15166.95,1130.02,13742.83,261.27,32.83,7.450542132729387,90.610373212808099,1.7226271597124008,0.21645749475009807,0.10732624575106675,NA
635,R,SC S,S4,5,2,0.2779,28461.940000000002,6760.86,19224.97,2381.73,94.38,23.754037848439,67.546238942250596,8.3681224821639,0.331600727146498,0.0502458957112895,NA
636,R,SC S,S5,1,2,0.3972,NA,NA,NA,NA,NA,NA,NA,NA,NA,0.07181601215014102,NA
637,R,SC S,S5,2,2,0.1614,NA,NA,NA,NA,NA,NA,NA,NA,NA,0.02918203514862226,NA
638,R,SC S,S5,3,2,0.1903,NA,NA,NA,NA,NA,NA,NA,NA,NA,0.034407319013524264,NA
639,R,SC S,S5,4,2,0.3084,NA,NA,NA,NA,NA,NA,NA,NA,NA,0.05576046864829681,NA
640,R,SC S,S5,5,2,0.3125,NA,NA,NA,NA,NA,NA,NA,NA,NA,0.05650177189556664,NA
641,R,SC NS,S1,1,2,3.6256,17947.489999999998,3182.97,14279.78,459.1,25.64,17.7349033207429,79.564217614830838,2.558017862107738,0.14286120231854152,0.6555290373906125,NA
642,R,SC NS,S1,2,2,2.9792,21361.2,1736.74,19000.259999999998,574.87,49.33,8.130348482295002,88.947531037582152,2.6911877609872104,0.23093271913562904,0.5386562522600709,NA
643,R,SC NS,S1,3,2,4.1463,NA,NA,NA,NA,NA,NA,NA,NA,NA,0.7496745497938815,NA
644,R,SC NS,S1,4,2,4.36,17104.459999999995,959.1,16041,82.17,22.19,5.607309438590872,93.782557297921159,0.4804010182139631,0.12973224527403968,0.7883127214869459,NA
645,R,SC NS,S1,5,2,4.4082,NA,NA,NA,NA,NA,NA,NA,NA,NA,0.797027554784118,NA
646,R,SC NS,S3,1,2,2.2609,NA,NA,NA,NA,NA,NA,NA,NA,NA,0.4087835394517972,NA
647,R,SC NS,S3,2,2,2.2266,20682.59,1543.37,18449.3,656.65,33.27,7.462169873308904,89.202077689496335,3.1748925062093285,0.1608599309854327,0.4025819049685398,NA
648,R,SC NS,S3,3,2,1.842,17864.17,1211.94,16153.95,474.55,23.73,6.784194283865415,90.426535349809157,2.6564346398405303,0.13283572648491368,0.333044044261228,NA
649,R,SC NS,S3,4,2,1.5529,21529.340000000004,3564.3,13684.03,4248.43,32.58,16.555546988435317,63.559914052172516,19.733210586111788,0.15132837328036994,0.2807731250452014,NA
650,R,SC NS,S3,5,2,1.9291,NA,NA,NA,NA,NA,NA,NA,NA,NA,0.3487922181239604,NA
651,R,SC NS,S4,1,2,0.7555,NA,NA,NA,NA,NA,NA,NA,NA,NA,0.13659868373472192,NA
652,R,SC NS,S4,2,2,0.7826,NA,NA,NA,NA,NA,NA,NA,NA,NA,0.14149851739350544,NA
653,R,SC NS,S4,3,2,0.9583,21199.829999999998,665.84,18921.88,1600.6,11.51,3.1407799024803507,89.254866666383663,7.550060542938317,0.054292888197688384,0.17326607362406884,NA
654,R,SC NS,S4,4,2,0.5734,20772.76,4311.94,15445.22,961.66,53.94,20.757665327091825,74.353239531001179,4.629428154949078,0.2596669869579199,0.10367397121573732,NA
655,R,SC NS,S4,5,2,0.5547,24017.37,1481.31,21231.279999999999,1260.46,44.32,6.167661155238896,88.399687392916036,5.2481183410173555,0.18453311082770513,0.10029290518550661,NA
656,R,SC NS,S5,1,2,0.3154,NA,NA,NA,NA,NA,NA,NA,NA,NA,0.05702610833875751,NA
657,R,SC NS,S5,2,2,0.4213,NA,NA,NA,NA,NA,NA,NA,NA,NA,0.07617342879872713,NA
658,R,SC NS,S5,3,2,0.3612,NA,NA,NA,NA,NA,NA,NA,NA,NA,0.06530700802777176,NA
659,R,SC NS,S5,4,2,0.43120000000000003,NA,NA,NA,NA,NA,NA,NA,NA,NA,0.07796340493237869,NA
660,R,SC NS,S5,5,2,0.2589,NA,NA,NA,NA,NA,NA,NA,NA,NA,0.04681058798003906,NA
661,R,BTN S,S1,1,2,4.0488,NA,NA,NA,NA,NA,NA,NA,NA,NA,0.7320459969624648,NA
662,R,BTN S,S1,2,2,3.4342,NA,NA,NA,NA,NA,NA,NA,NA,NA,0.6209228321400159,NA
663,R,BTN S,S1,3,2,4.1708,NA,NA,NA,NA,NA,NA,NA,NA,NA,0.754104288710494,NA
664,R,BTN S,S1,4,2,3.9,NA,NA,NA,NA,NA,NA,NA,NA,NA,0.7051421132566716,NA
665,R,BTN S,S1,5,2,4.5431,NA,NA,NA,NA,NA,NA,NA,NA,NA,0.8214182396759963,NA
666,R,BTN S,S3,1,2,2.8691,NA,NA,NA,NA,NA,NA,NA,NA,NA,0.5187495479858248,NA
667,R,BTN S,S3,2,2,2.1814,NA,NA,NA,NA,NA,NA,NA,NA,NA,0.39440948868156506,NA
668,R,BTN S,S3,3,2,2.0088,NA,NA,NA,NA,NA,NA,NA,NA,NA,0.3632024300282057,NA
669,R,BTN S,S3,4,2,2.3484,NA,NA,NA,NA,NA,NA,NA,NA,NA,0.42460403558255583,NA
670,R,BTN S,S3,5,2,2.7789,NA,NA,NA,NA,NA,NA,NA,NA,NA,0.5024408765458885,NA
671,R,BTN S,S4,1,2,0.7902,NA,NA,NA,NA,NA,NA,NA,NA,NA,0.14287264048600565,NA
672,R,BTN S,S4,2,2,0.1728,NA,NA,NA,NA,NA,NA,NA,NA,NA,0.031243219787372534,NA
673,R,BTN S,S4,3,2,1.2253,NA,NA,NA,NA,NA,NA,NA,NA,NA,0.221541187531641,NA
674,R,BTN S,S4,4,2,0.6658,NA,NA,NA,NA,NA,NA,NA,NA,NA,0.12038041512981845,NA
675,R,BTN S,S4,5,2,0.3226,NA,NA,NA,NA,NA,NA,NA,NA,NA,0.058327909163231356,NA
676,R,BTN S,S5,1,2,0.4945,NA,NA,NA,NA,NA,NA,NA,NA,NA,0.08940840384754466,NA
677,R,BTN S,S5,2,2,0.3884,NA,NA,NA,NA,NA,NA,NA,NA,NA,0.070224922253561875,NA
678,R,BTN S,S5,3,2,0.3258,NA,NA,NA,NA,NA,NA,NA,NA,NA,0.058906487307441954,NA
679,R,BTN S,S5,4,2,0.4769,NA,NA,NA,NA,NA,NA,NA,NA,NA,0.08622622405438635,NA
680,R,BTN S,S5,5,2,0.4435,NA,NA,NA,NA,NA,NA,NA,NA,NA,0.08018731467418819,NA
681,R,BTN NS,S1,1,2,3.9021,NA,NA,NA,NA,NA,NA,NA,NA,NA,0.7055218051638099,NA
682,R,BTN NS,S1,2,2,4.0408,NA,NA,NA,NA,NA,NA,NA,NA,NA,0.7305995516019382,NA
683,R,BTN NS,S1,3,2,3.4619,15563.13,1105.72,12571.47,1863.67,22.27,7.104740498858521,80.777260101277832,11.97490479100284,0.143094608860814,0.6259311492008389,NA
684,R,BTN NS,S1,4,2,4.8428,18870.57,3372.4,14741.85,698.56,57.76,17.871214277046217,78.120851675386589,3.7018489637567917,0.30608508381039895,0.8756056989947205,NA
685,R,BTN NS,S1,5,2,4.6675,736.55,381.51,4.09,327.59,23.36,51.79689091032517,0.5552915620120833,44.47627452311452,3.1715430045482313,0.8439104650321835,NA
686,R,BTN NS,S3,1,2,1.6974,18250.27,2415.51,15190.38,585.59,58.79,13.235475420363645,83.233727501017782,3.2086648581089485,0.3221322205096144,0.30689954436971145,NA
687,R,BTN NS,S3,2,2,2.9142,18718.949999999997,2273.56,15613.85,764.26,67.28,12.145766723026668,83.411996933588711,4.082814474102447,0.35942186928219805,0.526903883705793,NA
688,R,BTN NS,S3,3,2,2.7723,14516.33,1443.86,12522.41,519.13,30.93,9.946453407989484,86.264296829846103,3.576179378672158,0.2130703834922463,0.5012475591234541,NA
689,R,BTN NS,S3,4,2,2.2846,NA,NA,NA,NA,NA,NA,NA,NA,NA,0.413068633832357,NA
691,R,BTN NS,S4,1,2,0.4745,17160.03,916.99,15927.72,290.27,25.05,5.343755226535152,92.818718848393615,1.6915471592998381,0.14597876577138852,0.08579229044622838,NA
692,R,BTN NS,S4,2,2,0.1832,21954.93,1568.01,17850.810000000001,2509.27,26.84,7.14194943914647,81.306613138825767,11.429186975317162,0.12225044671060213,0.03312359875605699,NA
693,R,BTN NS,S4,3,2,0.2395,1718.2900000000002,403.89,1226.95,85.21,2.24,23.505345430631614,71.40529247100315,4.958999935982866,0.13036216238236853,0.04330295798076227,NA
694,R,BTN NS,S4,4,2,0.2836,NA,NA,NA,NA,NA,NA,NA,NA,NA,0.051276488030664646,NA
695,R,BTN NS,S4,5,2,0.5811,NA,NA,NA,NA,NA,NA,NA,NA,NA,0.10506617487524407,NA
696,R,BTN NS,S5,1,2,0.3603,NA,NA,NA,NA,NA,NA,NA,NA,NA,0.06514428292471251,NA
697,R,BTN NS,S5,2,2,0.2675,NA,NA,NA,NA,NA,NA,NA,NA,NA,0.04836551674260505,NA
698,R,BTN NS,S5,3,2,0.1821,NA,NA,NA,NA,NA,NA,NA,NA,NA,0.03292471251898459,NA
699,R,BTN NS,S5,4,2,0.0481,NA,NA,NA,NA,NA,NA,NA,NA,NA,0.008696752730165618,NA
700,R,BTN NS,S5,5,2,0.3368,NA,NA,NA,NA,NA,NA,NA,NA,NA,0.06089534967816591,NA
701,R,DEL S,S1,1,2,4.0493,NA,NA,NA,NA,NA,NA,NA,NA,NA,0.7321363997974976,NA
702,R,DEL S,S1,2,2,3.2936,NA,NA,NA,NA,NA,NA,NA,NA,NA,0.5955015549287626,NA
703,R,DEL S,S1,3,2,4.0096,NA,NA,NA,NA,NA,NA,NA,NA,NA,0.7249584146958848,NA
704,R,DEL S,S1,4,2,4.4378,NA,NA,NA,NA,NA,NA,NA,NA,NA,0.8023794026180661,NA
705,R,DEL S,S1,5,2,4.4632,NA,NA,NA,NA,NA,NA,NA,NA,NA,0.8069718666377377,NA
706,R,DEL S,S3,1,2,2.4277,NA,NA,NA,NA,NA,NA,NA,NA,NA,0.4389419252187749,NA
707,R,DEL S,S3,2,2,2.2457,NA,NA,NA,NA,NA,NA,NA,NA,NA,0.4060352932667968,NA
708,R,DEL S,S3,3,2,2.7201,NA,NA,NA,NA,NA,NA,NA,NA,NA,0.4918095031460186,NA
709,R,DEL S,S3,4,2,2.2562,NA,NA,NA,NA,NA,NA,NA,NA,NA,0.4079337528024879,NA
710,R,DEL S,S3,5,2,1.9194,NA,NA,NA,NA,NA,NA,NA,NA,NA,0.347038403124322,NA
711,R,DEL S,S4,1,2,0.9511,NA,NA,NA,NA,NA,NA,NA,NA,NA,0.17196427279959497,NA
712,R,DEL S,S4,2,2,0.7486,NA,NA,NA,NA,NA,NA,NA,NA,NA,0.1353511246112678,NA
713,R,DEL S,S4,3,2,0.3803,NA,NA,NA,NA,NA,NA,NA,NA,NA,0.06876039632602879,NA
714,R,DEL S,S4,4,2,0.6558,NA,NA,NA,NA,NA,NA,NA,NA,NA,0.11857235842916035,NA
715,R,DEL S,S4,5,2,0.6431,NA,NA,NA,NA,NA,NA,NA,NA,NA,0.11627612641932451,NA
716,R,DEL S,S5,1,2,0.4996,NA,NA,NA,NA,NA,NA,NA,NA,NA,0.0903305127648803,NA
717,R,DEL S,S5,2,2,0.3981,NA,NA,NA,NA,NA,NA,NA,NA,NA,0.07197873725320025,NA
718,R,DEL S,S5,3,2,0.3004,NA,NA,NA,NA,NA,NA,NA,NA,NA,0.054314023287770304,NA
719,R,DEL S,S5,4,2,0.2324,NA,NA,NA,NA,NA,NA,NA,NA,NA,0.042019237723295,NA
721,R,DEL NS,S1,1,2,3.8419,NA,NA,NA,NA,NA,NA,NA,NA,NA,0.694637303825848,NA
722,R,DEL NS,S1,2,2,3.3108,16808.460000000003,2182.76,13785.53,815.24,24.93,12.986079628948755,82.015425565459282,4.850176637241008,0.14831816835093753,0.5986114124538945,NA
723,R,DEL NS,S1,3,2,3.6597,NA,NA,NA,NA,NA,NA,NA,NA,NA,0.6616945107398567,NA
724,R,DEL NS,S1,4,2,4.4319,26107.489999999998,8571.23,16866.41,590.25,79.6,32.83054020129856,64.603721001137998,2.260845450864867,0.3048933466985911,0.8013126491646777,NA
725,R,DEL NS,S1,5,2,4.3169,NA,NA,NA,NA,NA,NA,NA,NA,NA,0.7805199971071093,NA
726,R,DEL NS,S3,1,2,2.6015,NA,NA,NA,NA,NA,NA,NA,NA,NA,0.47036595067621323,NA
727,R,DEL NS,S3,2,2,2.584,21588,2332.11,18055.46,1178.99,21.44,10.802807115063926,83.636557346674081,5.461321104317213,0.09931443394478415,0.4672018514500615,NA
728,R,DEL NS,S3,3,2,2.3871000000000002,21759.559999999998,5479.64,16129.99,119.92,30.01,25.182678326216156,74.128291197064655,0.5511140850274546,0.1379163916917438,0.43160121501410287,NA
729,R,DEL NS,S3,4,2,2.2177,NA,NA,NA,NA,NA,NA,NA,NA,NA,0.400972734504954,NA
730,R,DEL NS,S3,5,2,2.0474,10266.099999999999,1122.15,9054.58,59.63,29.74,10.930635781845103,88.19882915615473,0.5808437478692007,0.28969131413097476,0.3701815288927461,NA
731,R,DEL NS,S4,1,2,1.1322,12545.300000000001,1473.93,10536.84,515.83,18.7,11.748862123663843,83.990339011422606,4.1117390576550585,0.14905980725849521,0.2047081796485138,NA
732,R,DEL NS,S4,2,2,0.4787,NA,NA,NA,NA,NA,NA,NA,NA,NA,0.08655167426050481,NA
733,R,DEL NS,S4,3,2,0.1318,3703.2200000000003,1981.96,1093.46,624.05,3.75,53.519909700206846,29.527276262279852,16.851550812536114,0.101263224977182,0.02383018731467419,NA
734,R,DEL NS,S4,4,2,0.7447,24931.440000000002,1802.43,22975,107.68,46.33,7.229546307794495,92.152719618281168,0.43190445477677986,0.1858296191475502,0.13464598249801113,NA
735,R,DEL NS,S4,5,2,0.6573,NA,NA,NA,NA,NA,NA,NA,NA,NA,0.11884356693425906,NA
736,R,DEL NS,S5,1,2,0.3285,NA,NA,NA,NA,NA,NA,NA,NA,NA,0.05939466261661966,NA
737,R,DEL NS,S5,2,2,0.3437,NA,NA,NA,NA,NA,NA,NA,NA,NA,0.06214290880162002,NA
738,R,DEL NS,S5,3,2,0.2984,NA,NA,NA,NA,NA,NA,NA,NA,NA,0.053952411947638675,NA
740,R,DEL NS,S1,5,2,0.2163,21708.6,841.75,19751.099999999999,1104.9,10.85,3.877495554757101,90.982836295293112,5.0896879577678895,0.049980192181900265,0.039108266435235406,NA
741,R,Floral,S1,1,2,3.9677,NA,NA,NA,NA,NA,NA,NA,NA,NA,0.7173826571201273,NA
742,R,Floral,S1,2,2,3.1881,NA,NA,NA,NA,NA,NA,NA,NA,NA,0.5764265567368192,NA
743,R,Floral,S1,3,2,4.3934,NA,NA,NA,NA,NA,NA,NA,NA,NA,0.7943516308671439,NA
744,R,Floral,S1,4,2,1.7571,NA,NA,NA,NA,NA,NA,NA,NA,NA,0.3176936428726405,NA
745,R,Floral,S1,5,2,4.7952,NA,NA,NA,NA,NA,NA,NA,NA,NA,0.8669993490995878,NA
746,R,Floral,S3,1,2,2.3012,NA,NA,NA,NA,NA,NA,NA,NA,NA,0.4160700079554495,NA
747,R,Floral,S3,2,2,2.0241,NA,NA,NA,NA,NA,NA,NA,NA,NA,0.36596875678021257,NA
748,R,Floral,S3,3,2,2.6817,NA,NA,NA,NA,NA,NA,NA,NA,NA,0.48486656541549145,NA
749,R,Floral,S3,4,2,1.9907,NA,NA,NA,NA,NA,NA,NA,NA,NA,0.35992984740001444,NA
750,R,Floral,S3,5,2,2.4528,NA,NA,NA,NA,NA,NA,NA,NA,NA,0.44348014753742676,NA
751,R,Floral,S4,1,2,0.6403,NA,NA,NA,NA,NA,NA,NA,NA,NA,0.11576987054314022,NA
752,R,Floral,S4,2,2,0.1729,NA,NA,NA,NA,NA,NA,NA,NA,NA,0.031261300354379115,NA
753,R,Floral,S4,3,2,0.8364,NA,NA,NA,NA,NA,NA,NA,NA,NA,0.15122586244304623,NA
754,R,Floral,S4,4,2,0.1304,NA,NA,NA,NA,NA,NA,NA,NA,NA,0.023577059376582048,NA
755,R,Floral,S4,5,2,0.3783,NA,NA,NA,NA,NA,NA,NA,NA,NA,0.06839878498589716,NA
756,R,Floral,S5,1,2,0.2234,NA,NA,NA,NA,NA,NA,NA,NA,NA,0.04039198669270268,NA
757,R,Floral,S5,2,2,0.1579,NA,NA,NA,NA,NA,NA,NA,NA,NA,0.028549215303391915,NA
758,R,Floral,S5,3,2,0.4345,NA,NA,NA,NA,NA,NA,NA,NA,NA,0.07856006364359586,NA
759,R,Floral,S5,4,2,0.3004,NA,NA,NA,NA,NA,NA,NA,NA,NA,0.054314023287770304,NA
760,R,Floral,S5,5,2,0.3222,NA,NA,NA,NA,NA,NA,NA,NA,NA,0.058255586895205026,NA
761,R,Swift,S1,1,2,3.3763,NA,NA,NA,NA,NA,NA,NA,NA,NA,0.6104541838432053,NA
762,R,Swift,S1,2,2,3.5583,NA,NA,NA,NA,NA,NA,NA,NA,NA,0.6433608157951833,NA
763,R,Swift,S1,3,2,4.376,NA,NA,NA,NA,NA,NA,NA,NA,NA,0.7912056122079989,NA
764,R,Swift,S1,4,2,4.2568,NA,NA,NA,NA,NA,NA,NA,NA,NA,0.7696535763361539,NA
765,R,Swift,S1,5,2,3.8663,NA,NA,NA,NA,NA,NA,NA,NA,NA,0.6990489621754538,NA
766,R,Swift,S3,1,2,3.2705,NA,NA,NA,NA,NA,NA,NA,NA,NA,0.5913249439502423,NA
767,R,Swift,S3,2,2,3.4032,NA,NA,NA,NA,NA,NA,NA,NA,NA,0.6153178563679756,NA
768,R,Swift,S3,3,2,3.1011,NA,NA,NA,NA,NA,NA,NA,NA,NA,0.5606964634410936,NA
769,R,Swift,S3,4,2,2.8523,NA,NA,NA,NA,NA,NA,NA,NA,NA,0.5157120127287191,NA
770,R,Swift,S3,5,2,0.3929,NA,NA,NA,NA,NA,NA,NA,NA,NA,0.07103854776885804,NA
771,R,Swift,S4,1,2,0.6952,NA,NA,NA,NA,NA,NA,NA,NA,NA,0.12569610182975338,NA
772,R,Swift,S4,2,2,0.8921,NA,NA,NA,NA,NA,NA,NA,NA,NA,0.161296738265712,NA
773,R,Swift,S4,3,2,0.5065,NA,NA,NA,NA,NA,NA,NA,NA,NA,0.0915780718883344,NA
774,R,Swift,S4,4,2,1.1704,NA,NA,NA,NA,NA,NA,NA,NA,NA,0.21161495624502785,NA
775,R,Swift,S4,5,2,0.4226,NA,NA,NA,NA,NA,NA,NA,NA,NA,0.07640847616981268,NA
776,R,Swift,S5,1,2,0.4607,NA,NA,NA,NA,NA,NA,NA,NA,NA,0.08329717219932017,NA
777,R,Swift,S5,2,2,0.4835,NA,NA,NA,NA,NA,NA,NA,NA,NA,0.08741954147682071,NA
778,R,Swift,S5,3,2,0.6834,NA,NA,NA,NA,NA,NA,NA,NA,NA,0.12356259492297678,NA
779,R,Swift,S5,4,2,0.2588,NA,NA,NA,NA,NA,NA,NA,NA,NA,0.046792507413032466,NA
780,R,Swift,S5,5,2,0.4665,NA,NA,NA,NA,NA,NA,NA,NA,NA,0.08434584508570189,NA
