"","X","number","variety","inoculant","salt","replicate","trial","shoots","total_abund","tot_mf","tot_16s","tot_its","tot_oom","rel_amf","rel_16s","rel_its","rel_oom","shoot_score","Microbial_Abundance_Score","bfr","log_bfr","log_tot_fun","all_bfr","log_all_bfr","FB","amfb","itsb","log_amf","log_its","log_16s","log_shoots","log_oom","amfoom"
"1",1,42,"A","NOK NS","0 dS/m",2,2,3.1856,26039.36,5635.1,36975.34,1778.37,138.22,21.64070085,70.9989416,6.829545734,0.530811817,0.575974543,0.49761809,20.79170251,1.317890053,23.2565652982024,4.98758880794014,2.31834252988319,0.200497683050379,0.152401573589317,0.0480961094610624,8.63677017254534,7.48345249341189,10.518006482939,1.15864065432779,4.92884661866325,0.0245284023353623
"2",2,43,"A","NOK NS","0 dS/m",3,2,3.9198,38092.7,9740.12,30521.08,12979.8,112.24,25.56951857,40.0615866,34.0742452,0.294649631,0.708722066,0.734665281,2.351429144,0.371331897,26.9137043645448,1.34336212451452,0.42584825846574,0.744400918971412,0.319127632442889,0.425273286528524,9.18400871688923,9.47114958181888,10.326172871404,1.36604063209262,4.72063943579421,0.0115234719900782
"3",3,44,"A","NOK NS","0 dS/m",4,2,4.3533,21219.66,3659.75,28106.86,3447.63,58.85,17.24697757,66.22834673,16.24733855,0.277337149,0.787101323,0.402831388,8.152516366,0.911291679,23.5889186222815,3.95460211779868,1.9835325489194,0.252869939936371,0.130208425985685,0.122661513950687,8.20515011805152,8.14544231744092,10.2437689536413,1.47093417818302,4.07499183370629,0.0160803333561036
"4",4,47,"A","NOK NS","6 dS/m",2,2,2.9403,7800.45,2406.21,10717.34,15.07,20.5,30.84706652,68.69693415,0.193193982,0.262805351,0.531622912,0.138922295,711.1705375,2.851973756,15.1461543545177,4.42631170290094,2.14610504996298,0.22592173057867,0.224515598086839,0.001406132491831,7.7858081745213,2.7127060126384,9.27961826950602,1.07851161696111,3.02042488614436,0.00851962214436811
"5",5,48,"A","NOK NS","6 dS/m",3,2,2.966,19626.49,2523.68,33085.32,483.22,76.93,12.85853966,84.28740952,2.462080586,0.39197024,0.536269617,0.371499287,68.46844088,1.835490438,20.2178496317489,11.0031327945725,3.45984243897516,0.0908832074164614,0.076277938372668,0.0146052690437934,7.83347343273916,6.18047203649251,10.4068449584562,1.08721424371574,4.34289591747084,0.0304832625372472
"6",6,50,"A","NOK NS","6 dS/m",5,2,3.0039,29588.2,10515.42,34481.8,1661.35,170.53,35.53923524,58.26951285,5.614907294,0.576344624,0.543122152,0.567411405,20.75528937,1.317128793,24.0583591794429,2.8317690159213,1.50170359127703,0.353136147184892,0.304955657767286,0.0481804894176058,9.26059803027776,7.41538580385159,10.4481869275914,1.09991144439973,5.13891123432482,0.016217136357844
"7",7,53,"A","NOK NS","12 dS/m",3,2,0.8512,15649.13,1162.92,28394,254.59,34.62,7.431211831,90.72069821,1.626863602,0.221226356,0.153901786,0.293278477,111.5283397,2.047385237,18.1755680812426,20.0308992529153,4.32415528481481,0.0499228710290907,0.0409565401141086,0.00896633091498204,7.05868936253446,5.53965440805421,10.2539331342235,-0.161108160394757,3.54443154974806,0.0297698895882778
"8",8,54,"A","NOK NS","12 dS/m",4,2,0.8518,41469.84,16866.86,29234.38,9867.09,118.7,40.67259483,35.24776078,23.79341227,0.286232115,0.15401027,0.801081855,2.962816798,0.471704798,27.310312753244,1.09353013677365,0.128992980399523,0.914469538946952,0.576952889029971,0.337516649916981,9.73310602899235,9.19696025612904,10.2831006929281,-0.160403521493024,4.77659930161562,0.00703746874047689
"9",9,55,"A","NOK NS","12 dS/m",5,2,0.6036,22020.55,5586.68,28591.98,2020.73,117.15,25.37030183,64.92113049,9.176564618,0.532003061,0.109134302,0.418582103,14.14933217,1.150735942,23.4284363244916,3.75843815437843,1.91013326428361,0.266067967311113,0.195393253632662,0.0706747136784511,8.62814047199996,7.61121411124962,10.2608815379026,-0.504843552088443,4.7634551649538,0.02096952035914
"10",10,61,"A","SLK S","0 dS/m",1,2,3.6853,24399.36,4697.12,37570.24,840.07,77.05,19.25099675,76.99021614,3.443000144,0.315786971,0.666323136,0.465365006,44.72274929,1.650528494,21.9119264733243,6.7850732952996,2.76236440034481,0.147382343045985,0.125022358121747,0.0223599849242379,8.45470483392291,6.73348522169866,10.5339675266232,1.30435193345378,4.34445456176612,0.0164036686309909
"11",11,64,"A","SLK S","0 dS/m",4,2,3.8009,31619.28,2544.78,33416.8,12316.92,49.18,8.048190851,52.84244297,38.95382817,0.155538014,0.687224271,0.60735567,2.713080868,0.433462739,24.9016791399613,2.24851800265111,1.16897443492154,0.444737377606473,0.0761527136051327,0.368584664001341,7.84179948124027,9.4187292058323,10.4168140465177,1.33523788079494,3.89548703678805,0.0193258356321568
"12",12,65,"A","SLK S","0 dS/m",5,2,4.8187,26878.89,14050.81,22982.74,1312.8,23.91,52.27451729,42.75239789,4.88413026,0.088954566,0.871248282,0.514128719,17.50665753,1.243203236,24.1367971093906,1.49592055512995,0.581033559073506,0.668484697647017,0.611363571097267,0.0571211265497499,9.55043532434567,7.17991753977588,10.0424987784115,1.57250418214078,3.17429678147023,0.0017016812553867
"13",13,67,"A","SLK S","6 dS/m",2,2,2.7938,26612.35,6478.93,39302.12,384.01,98.35,24.3455764,73.84188168,1.442976663,0.369565258,0.505134881,0.508886806,102.3466056,2.010073443,21.2465399257248,5.72671770407435,2.51770848822469,0.174620096829382,0.164849377081949,0.00977071974743347,8.77631065225515,5.95066859391532,10.5790337404228,1.02740267631131,4.58853254483507,0.015179975705865
"14",14,68,"A","SLK S","6 dS/m",3,2,3.1848,30630.85,6459.45,45598.34,1145.98,226.25,21.08805338,74.43205135,3.741260853,0.738634416,0.575829898,0.587916697,39.78982181,1.599771994,22.8195617648923,5.9954979534359,2.58387958101544,0.166791817421424,0.141659762175553,0.0251320552458708,8.7732994538332,7.04401544511542,10.7276265913311,1.15838949270397,5.42164058258004,0.0350262019212162
"15",16,72,"A","SLK S","12 dS/m",2,2,0.6206,20888.15,3541.15,34042.96,270.82,54.7,16.95291349,81.48869096,1.296524585,0.261870965,0.112207999,0.396311742,125.7032715,2.099346581,19.8711927163256,8.93054247541297,3.15874781284009,0.111975280645396,0.104020038210543,0.0079552424348529,8.1722068121297,5.60145439355468,10.4353785354285,-0.477068526967857,4.00186370942794,0.0154469593211245
"16",17,73,"A","SLK S","12 dS/m",3,2,0.9832,12659.84,2337.23,19047.8,754.55,44.16,18.46176571,75.22922881,5.960185911,0.348819574,0.177768135,0.234489561,25.24392022,1.402156799,20.7500566905798,6.16078763689525,2.62311480663483,0.162316907989374,0.122703409317611,0.0396134986717626,7.75672174646989,6.62612154506456,9.85470688832157,-0.016942720730312,3.78781940196884,0.0188941610367829
"17",18,74,"A","SLK S","12 dS/m",4,2,1.4657,32684.78,6122.71,42494.44,5144.1,170.75,18.73260276,65.00646478,15.73851805,0.522414408,0.265006871,0.628310342,8.260811415,0.917022708,24.9086576098567,3.77164787548561,1.91519499096423,0.265136097804795,0.144082614101986,0.121053483702809,8.71976008795227,8.54560570585292,10.657128522825,0.382332944051118,5.1402004984509,0.027887977709217
"18",19,101,"A","SC S","0 dS/m",1,2,3.8765,41579.14,17426.92,26701.12,10450.65,351.01,41.91265139,32.10879301,25.13435824,0.844197355,0.70089318,0.803231405,2.554972179,0.407386175,27.4403350484996,0.957799406476246,-0.0622045533143273,1.04405994954519,0.652666255198284,0.391393694346904,9.76577141607227,9.2544194564155,10.1924607910741,1.35493268467688,5.86081471308852,0.0201418265534013
"19",20,102,"A","SC S","0 dS/m",2,2,3.4752,36401.42,10328.71,35292.82,8259.24,167.06,28.37447001,48.47725721,22.68933465,0.45893814,0.628335865,0.701403698,4.273131668,0.630746275,26.3461657784811,1.89869350842885,0.925007041055484,0.526677947525871,0.292657543375678,0.234020404150193,9.24268267532243,9.01908785259664,10.4714348227995,1.24565203131742,5.11835302932776,0.0161743334840459
"20",21,105,"A","SC S","0 dS/m",5,2,5.0645,44085.13,18152.06,45931.16,2700.95,266.54,41.17501752,52.09371051,6.126669015,0.604602958,0.915690316,0.852515495,17.0055573,1.230590869,25.5470968799571,2.2026153538506,1.13921757695286,0.454005733798145,0.39520142752763,0.0588043062705144,9.80653933187511,7.90135884195892,10.734899032825,1.62225541614471,5.58552432615158,0.0146837328655811
"21",22,106,"A","SC S","6 dS/m",1,2,2.5141,40560.49,11536.47,40864.74,8327.45,264.2,28.44262976,50.37505711,20.53094033,0.651372801,0.454563535,0.78319811,4.907233307,0.690836706,26.5175732976628,2.05723442301419,1.04070619913762,0.486089474691384,0.282308660228843,0.203780814462542,9.35326860071976,9.02731256584687,10.6180228675172,0.921914886624376,5.57670639208822,0.0229012860953134
"22",23,107,"A","SC S","6 dS/m",2,2,2.1714,18773.94,3406.06,29340.9,610.8,86.63,18.142489,78.14262749,3.253446,0.461437503,0.392601432,0.354732599,48.03683694,1.681574403,20.9884443858394,7.30443679889267,2.8687730397956,0.136903094315444,0.116085736974667,0.0208173573407769,8.13331147703929,6.41476957334448,10.2867377260731,0.775372120815615,4.46164617590205,0.025434079258733
"23",24,108,"A","SC S","6 dS/m",3,2,1.3934,11777.05,882.54,21469.16,133.73,26.2,7.493727207,91.14829265,1.135513562,0.222466577,0.251934621,0.217128158,160.5410903,2.205586208,16.8486971930112,21.1254489456542,4.40091009591706,0.0473362721224305,0.0411073372223226,0.00622893490010788,6.78280411355931,4.8958228418847,9.97437276574788,0.331746803613881,3.26575941076705,0.029687039680921
"24",25,113,"A","SC S","12 dS/m",3,2,0.9447,36966.27,18459.79,32059.3,1899.74,577.09,49.93684783,43.36290894,5.139117363,1.561125859,0.170807117,0.712512328,16.87562509,1.227259868,25.0636847886987,1.57465815762938,0.655038668091557,0.635058469773202,0.575801405520395,0.0592570642528065,9.82335013204414,7.54947231368553,10.375342591864,-0.0568878622070484,6.35799823354738,0.0312620024388143
"25",26,115,"A","SC S","12 dS/m",5,2,0.4902,10213.07,1144.56,17900.76,100.4,17.73,11.20681636,87.63652849,0.983054067,0.173601082,0.088630939,0.186370122,178.2944223,2.251137757,16.8101928374042,14.3785824444159,3.84584954526685,0.0695478851177269,0.0639391847050069,0.00560870041271991,7.04277556265808,4.60916220725763,9.79259844902809,-0.712941807888125,2.87525812008612,0.015490668903334
"26",28,123,"A","SC NS","0 dS/m",3,2,4.0285,20520.64,2842.65,31640.64,1765.82,91.85,13.85263812,77.09467151,8.605092239,0.447598126,0.728375642,0.389084101,17.91838353,1.253298828,22.2591433365297,6.86575804985169,2.77941901744234,0.145650340827493,0.0898417351861404,0.0558086056413524,7.95249199468093,7.47637045071436,10.3621976492371,1.39339409823511,4.52015681166113,0.0323113995743408
"27",29,124,"A","SC NS","0 dS/m",4,2,3.3066,26357.1,2777.66,45948.18,522.89,82.46,10.53856456,87.16471084,1.983867724,0.312856877,0.597852029,0.503866928,87.87351068,1.943857977,20.470017970857,13.9213706806441,3.79922935900611,0.0718320072742816,0.0604520135509176,0.011379993723364,7.92936412561521,6.25937111689571,10.7352695187295,1.19592047113511,4.41231332727875,0.0296868587228098
"28",30,125,"A","SC NS","0 dS/m",5,2,3.6657,28033.47,7521.71,38498.9,1017.9,244.41,26.83117716,68.66595537,3.631016781,0.871850684,0.662779345,0.536835284,37.8218882,1.577743207,22.8682250894597,4.50827379704694,2.17257513610615,0.221814389502038,0.195374673042606,0.0264397164594313,8.9255487847109,6.92549696045829,10.5583849484391,1.29901931300845,5.49884714299066,0.0324939408724878
"29",31,127,"A","SC NS","6 dS/m",2,2,3.1616,26816.98,10086.94,31994.9,531.79,200.8,37.61400426,59.65418179,1.98303463,0.748779318,0.571635206,0.512911165,60.16453863,1.779340591,22.3549137988844,3.01306276739309,1.59123072711874,0.33188820718302,0.315267120697361,0.0166210864856586,9.21899679678692,6.27624867457044,10.3733317940803,1.15107822857141,5.30230938781757,0.0199069291579012
"30",32,128,"A","SC NS","6 dS/m",3,2,2.8827,16043.86,2418.07,26842.22,147.92,56.76,15.07162242,83.65262474,0.921972642,0.3537802,0.521208505,0.30104144,181.4644402,2.258791533,18.4483136136392,10.4607656304194,3.38691654214967,0.0955952972593176,0.0900845757169116,0.00551072154240595,7.79072498030079,4.99667158707887,10.1977313000347,1.05872735496919,4.03883185229184,0.0234732658690609
"31",33,129,"A","SC NS","6 dS/m",4,2,3.4984,30839.2,11473.65,35751.08,930.56,559.45,37.20475888,57.96369556,3.0174583,1.814087266,0.632530556,0.592014215,38.41888755,1.584544785,23.3479921585202,2.88217306865975,1.52715696903121,0.346960427489183,0.320931563466055,0.0260288640231288,9.34780838094896,6.83578655546505,10.4843357574561,1.25230572111657,6.32695415825373,0.0487595490537013
"32",34,133,"A","SC NS","12 dS/m",3,2,0.9006,18372.97,1835.69,32841.2,54.92,61.76,9.991253455,89.37368319,0.298917377,0.33614598,0.162833586,0.346846917,597.98252,2.776688489,16.6213664509192,17.3706898831594,4.11858314722285,0.0575682374578274,0.0558959477729194,0.00167228968490798,7.51517571160856,4.00587758089977,10.3994391037027,-0.104694071114666,4.12325590571652,0.0336440248625857
"33",35,134,"A","SC NS","12 dS/m",4,2,0.9091,3784.52,459,6483.84,68.1,15.5,12.12835445,85.66264678,1.799435596,0.409563168,0.164370435,0.059942947,95.21057269,1.978685177,14.9319332365385,12.3009675583381,3.62069989311174,0.081294418122594,0.0707913828842168,0.0105030352383773,6.12905021006055,4.22097721315547,8.77706820642526,-0.0953001798543245,2.7408400239252,0.0337690631808279
"34",36,163,"A","BTN NS","0 dS/m",3,2,4.015,20243.77,3966.48,24313.38,4096.47,24.13,19.59358361,60.05151214,20.23570708,0.119197165,0.725934765,0.383639033,5.935202748,0.773435559,23.9538090933561,3.0154447193645,1.59237078723584,0.331626042944255,0.163139802034929,0.168486240909326,8.28563433050068,8.31788090623026,10.0987820950785,1.39003734739872,3.18345587963694,0.00608347955870192
"35",37,164,"A","BTN NS","0 dS/m",4,2,3.0793,23611.23,7122.6,28992.92,815.99,1176.18,30.16615399,61.39646262,3.455940245,4.981443152,0.5567549,0.449865235,35.53097464,1.550607121,22.4705959183045,3.65214981501753,1.86874594740036,0.27381133049034,0.24566687315386,0.0281444573364808,8.87102810628754,6.70440209998705,10.2748069412311,1.12470229842785,7.07002717797039,0.165133518658917
"36",38,165,"A","BTN NS","0 dS/m",5,2,3.5215,22321.59,5553.18,32305.64,483.33,132.26,24.87806648,72.36411026,2.165302741,0.592520515,0.636707167,0.424502511,66.83971614,1.825034597,21.3559631791908,5.35170818900325,2.41999945272164,0.186856226962227,0.171895062286338,0.0149611646758894,8.62212601562711,6.180699650171,10.3829971069708,1.25888703520333,4.88476968224652,0.0238169841424193
"37",39,166,"A","BTN NS","6 dS/m",1,2,2.9059,24601.96,8867.59,29901.08,543.99,239.84,36.044242,60.76971103,2.211165289,0.974881676,0.525403197,0.469349442,54.966231,1.740095959,22.2017626731463,3.17705209964746,1.6676887486245,0.314757192716785,0.296564204369876,0.0181929883469092,9.09015833601832,6.29893086433404,10.3056498791278,1.06674315299371,5.47997203435429,0.0270468075316969
"38",40,167,"A","BTN NS","6 dS/m",2,2,2.9712,15916.28,3021.91,25005.06,314.71,77.13,18.98628323,78.55183498,1.977283637,0.48459816,0.537209807,0.298532386,79.45429125,1.900117358,19.8591241899419,7.49412878901403,2.90576077105845,0.133437792190861,0.120851939567432,0.012585852623429,8.01364436078762,5.75165157986039,10.1268334833702,1.0889659116163,4.34549230994591,0.0255235926946865
"39",41,168,"A","BTN NS","6 dS/m",3,2,2.6037,15745.19,1288.77,28499.74,148.4,58.15,8.18516639,90.50300441,0.942510062,0.369319138,0.470763723,0.295167642,192.0467655,2.283406997,17.545126382875,19.8304584704663,4.30964612724091,0.050427477584006,0.0452204125370968,0.0052070650469092,7.16144355412443,4.99991133073328,10.2576502434081,0.956933510336172,4.06302587896467,0.0451205412913088
"40",42,173,"A","BTN NS","12 dS/m",3,2,0.5598,19989.82,4872.01,28376.14,701.96,227.78,24.37245558,70.97647703,3.511587398,1.139479995,0.101215014,0.378644721,40.42415522,1.606640953,21.7055463922168,5.09083113113275,2.34790121050097,0.196431579488965,0.171693894941313,0.0247376845476517,8.49126186193278,6.55387642234541,10.2533039301881,-0.580175701900784,5.4283802508462,0.0467527776010312
"41",43,175,"A","BTN NS","12 dS/m",5,2,0.3488,20966.94,3798.68,33676.08,184.62,145.6,18.11747446,80.30756992,0.880529061,0.694426559,0.063065018,0.397861267,182.4075398,2.261042786,19.4196975087384,8.45431677252529,3.07968816933458,0.118282769253429,0.112800539730277,0.00548222952315115,8.24240891694704,5.21829965856201,10.4245430720338,-1.05325658694731,4.98086313576259,0.0383291037939495
"42",44,202,"A","DEL NS","0 dS/m",2,2,2.5613,22379.98,6228.98,28894.1,1601.73,102.22,27.83282201,64.55345358,7.156976905,0.456747504,0.463097563,0.425650839,18.0393075,1.256219862,23.2501954859573,3.68984421591401,1.88355990743129,0.271014151678024,0.21557965120907,0.0554345004689539,8.73696787446074,7.37883957409811,10.2713927010095,0.940514942098337,4.62712735334013,0.0164103914284522
"43",45,203,"A","DEL NS","0 dS/m",3,2,3.3778,12444.29,2947.58,17023.58,914.91,70.01,23.68620468,68.39916138,7.352046601,0.562587339,0.610725392,0.230250443,18.60683565,1.269672522,21.3628012762148,4.40741076352301,2.13993135971537,0.226890583531784,0.173146893896583,0.0537436896352001,7.98873977368866,6.81882569978206,9.7423547207844,1.21722461000168,4.24863808898911,0.0237516878252668
"44",46,205,"A","DEL NS","0 dS/m",5,2,3.4438,15629.63,4295.52,20937.86,814.11,51.07,27.48318418,66.9813041,5.20876054,0.326751177,0.622658567,0.29289498,25.71871123,1.410249202,21.7376970038867,4.09772527560704,2.03482326477739,0.244037833856946,0.205155636726963,0.0388821971299837,8.36532789810266,6.70209549200775,9.94931428244946,1.23657551286995,3.93319724065955,0.0118891310016017
"45",47,206,"A","DEL NS","6 dS/m",1,2,2.2573,31987.52,17341.42,27316.68,845.68,142.08,54.2130806,42.6989651,2.643781075,0.444173228,0.408132639,0.614597667,32.3014379,1.509221855,23.8059024674848,1.50198107449786,0.586866634489932,0.665787350439365,0.63482897628848,0.0309583741508851,9.76085313856176,6.74014103746041,10.2152527836062,0.814169408807395,4.95639027924386,0.00819310068033645
"46",48,208,"A","DEL NS","6 dS/m",3,2,2.9224,23914.8,9544.37,27677.04,420.62,111.29,39.90988844,57.86592403,1.75882717,0.465360363,0.52838649,0.455835399,65.8005801,1.818229722,21.9368078967163,2.77742777463901,1.4737493956738,0.360045366122967,0.344847931715241,0.0151974344077257,9.16370673083854,6.04172981325553,10.2283584675973,1.07240519649894,4.71213940698533,0.011660277210544
"47",49,210,"A","DEL NS","6 dS/m",5,2,1.7636,38255.38,11552.49,34848.4,9200.25,78.44,30.19834073,45.54705769,24.04955852,0.205043055,0.31886888,0.737864629,3.787766637,0.578383214,26.6633735692057,1.67921922599136,0.74779058977725,0.595514858644873,0.331507041930189,0.264007816714684,9.35465627713054,9.12698593658097,10.4587625040874,0.567357174501646,4.36233400132815,0.00678987819941848
"48",50,212,"A","DEL NS","12 dS/m",2,2,0.6688,20610.6,1125.38,31445.34,3741.43,21.12,5.460200091,76.28438765,18.15294072,0.102471544,0.120922832,0.390853301,8.404631384,0.924518671,22.005570582184,6.46118093782169,2.69179787659569,0.154770468374646,0.0357884506893549,0.118982017685291,7.02587603538223,8.2272231702715,10.356006079449,-0.402270217211645,3.05022045883806,0.0187669942597167
"49",51,213,"A","DEL NS","12 dS/m",3,2,1.0645,9648.47,1549.21,16008.82,36.22,58.63,16.05653539,82.96040719,0.375396306,0.607661111,0.192467636,0.175266408,441.9884042,2.645410876,15.7760316448028,10.097462518055,3.33592088563086,0.0990347820763804,0.0967722792810463,0.00226250279533407,7.34550040256425,3.58961145245527,9.68089509933945,0.0625052053513971,4.07124651097612,0.0378450952420911
"50",52,214,"A","DEL NS","12 dS/m",4,2,0.8021,20473.22,3543.96,28470.18,2564.32,129.85,17.31022282,69.53029372,12.52524029,0.634243172,0.145024228,0.388151515,11.10242871,1.045417993,23.1155071961505,4.66091600254081,2.22061351334676,0.2145501011936,0.124479718779439,0.0900703824141611,8.17300002497956,7.84944861524527,10.2566125026968,-0.220521990609258,4.86637993810876,0.0366398040609939
"51",56,301,"M","NOK NS","0 dS/m",1,2,4.4204,22395.53,2557.22,36077.6,1704.56,94.95,11.4184393,80.54643047,7.611161692,0.423968533,0.799233384,0.425956653,21.16534472,1.325625346,22.0555442344344,8.46538300897747,3.08157534309458,0.118128145996408,0.0708811007384083,0.0472470452579994,7.84667600991627,7.44106229189711,10.4934274531171,1.48623018973249,4.5533504372583,0.0371301647883248
"52",57,302,"M","NOK NS","0 dS/m",2,2,2.8163,4565.64,271.05,8463.88,55.23,7.42,5.936736142,92.69105755,1.209688017,0.162518289,0.509203009,0.075304856,153.2478725,2.185394454,13.8697954189947,25.9405418658821,4.69713671090935,0.0385496958841572,0.0320243198154983,0.00652537606865882,5.60230330570635,4.0115062839131,9.04356297630381,1.03542396671235,2.00417905717929,0.0273750230584763
"53",58,304,"M","NOK NS","0 dS/m",4,2,4.089,25627.07,1949.65,33964.06,6611.76,83.63,7.607775684,66.26598359,25.79990611,0.326334614,0.739314385,0.489509783,5.136916645,0.710702519,23.6198180820475,3.96711055772355,1.98808860390037,0.252072632070489,0.0574033257508084,0.19466930631968,7.57540514826855,8.79660516064149,10.4330581856941,1.40830044138251,4.42640230739343,0.0428948785679481
"54",59,306,"M","NOK NS","6 dS/m",1,2,2.7669,21662.34,4499.75,33697.58,204.58,109.22,20.77222498,77.77917806,0.944403975,0.504192991,0.500271209,0.411537361,164.7159058,2.216735539,19.81215043621,7.16309867717613,2.84058381641734,0.139604387021264,0.133533327912568,0.00607105910869564,8.41177711865959,5.32095909702886,10.425181303673,1.01772755992765,4.69336419672401,0.0242724595810878
"55",60,307,"M","NOK NS","6 dS/m",2,2,3.1492,22888.15,4447.09,36308.9,163.79,122.82,19.4296612,79.31811876,0.71561048,0.536609556,0.569393216,0.435644772,221.6795897,2.345725709,19.4743493542866,7.87461395655493,2.97720919885036,0.126990352227691,0.122479337022052,0.00451101520563829,8.40000522866884,5.09858511949429,10.4998181692648,1.14714845232817,4.81071986890125,0.0276180603495769
"56",61,309,"M","NOK NS","6 dS/m",4,2,1.2862,18248.85,1273.06,28559.94,2653.96,41.86,6.976110823,78.25134187,14.54316299,0.229384317,0.232552253,0.344405909,10.76125488,1.031862918,21.6880156119922,7.27267495454569,2.86248609782533,0.137500989147736,0.0445750236169964,0.0929259655307399,7.14917873020396,7.88380814318852,10.259760315611,0.251692134718626,3.73433071701785,0.0328814038615619
"57",62,311,"M","NOK NS","12 dS/m",1,2,0.6269,29706.54,7141.1,42637.22,1046.87,199.96,24.03881435,71.76402907,3.524038814,0.673117771,0.113347075,0.56973874,40.72828527,1.609896126,22.8337971903585,5.20730046641597,2.38053565406864,0.19203808315833,0.167485122153836,0.0245529610044933,8.87362210509201,6.95356003888262,10.6604828597162,-0.466968240702214,5.29811734654537,0.028001288316926
"58",63,313,"M","NOK NS","12 dS/m",3,2,0.9176,21759.68,3886.58,35254.42,97.43,148.46,17.86138399,81.0085902,0.447754746,0.682271063,0.165907283,0.4134517,361.84358,2.558520872,18.5305796578335,8.84897879272391,3.14551097206779,0.113007390279006,0.110243765178948,0.00276362510005838,8.2652848725315,4.57913417143725,10.4703461904507,-0.0859937131669762,5.0003155616894,0.0381981073334397
"59",64,314,"M","NOK NS","12 dS/m",4,2,0.7803,21075.14,4223.94,28715.2,2359.31,134.29,20.04228679,68.12576334,11.19475363,0.637196242,0.141082664,0.399989183,12.1710161,1.085326837,23.2485229040546,4.36185774503475,2.12494271957071,0.229260113110826,0.147097704351702,0.0821624087591241,8.34852362073976,7.76612448238902,10.265181878275,-0.248076817859422,4.90000164059308,0.0317925917508298
"60",65,322,"M","SLK S","0 dS/m",2,2,3.7656,18834.89,2381.84,31101.42,820.81,81.53,12.64589281,82.56331733,4.357922982,0.432866876,0.680841831,0.355931273,37.89113193,1.578537579,20.898765285448,9.71115170249637,3.27964240346624,0.102974397953534,0.0765829984611635,0.0263913994923704,7.77562857721421,6.71029165757816,10.345008756289,1.3259072111048,4.40097105067482,0.0342298391159776
"61",66,323,"M","SLK S","0 dS/m",3,2,4.5352,20144.86,3426.77,26310.56,3506.53,56.28,17.01064192,65.30340742,17.40657418,0.279376476,0.819989875,0.381693818,7.503303836,0.875252533,23.5184620037543,3.79481055197381,1.9240278638884,0.263517766250509,0.130243141917162,0.133274624333348,8.1393734055284,8.16238222348008,10.1777256584905,1.51186918402796,4.03033923224619,0.0164236292485343
"62",67,324,"M","SLK S","0 dS/m",4,2,4.4583,20976.14,2640.11,35777.44,346.85,100.46,12.58625276,85.28127673,1.653545409,0.478925103,0.806085919,0.398042198,103.1496036,2.013467563,19.8045503996436,11.9778771727777,3.58230033826612,0.0834872478299174,0.073792591085332,0.00969465674458542,7.878575861939,5.84889240983131,10.485072806152,1.4947675274505,4.6097596383219,0.0380514448261625
"63",68,326,"M","SLK S","6 dS/m",1,2,2.7761,27332.86,6780.22,36499.44,2124.66,178.26,24.8061125,66.76842453,7.773280952,0.652182026,0.501934621,0.523056727,17.17895569,1.23499676,23.7801326466151,4.09881323499025,2.03520625416103,0.243973058216784,0.185762302106553,0.0582107561102307,8.82176482878559,7.66136706855715,10.5050521969871,1.0210470650505,5.18324315870257,0.02629118229202
"64",69,327,"M","SLK S","6 dS/m",2,2,2.0047,32200.4,4784.16,32081.78,11227.37,147.98,14.85745519,49.81580974,34.86717556,0.459559509,0.362461127,0.618784275,2.857461721,0.455980421,25.6787823210799,2.00366735721071,1.00264301654897,0.499084838808819,0.149123895245214,0.349960943563605,8.47306573988726,9.32610982618188,10.3760435467254,0.695494423628294,4.9970771294974,0.0309312397578676
"65",70,332,"M","SLK S","12 dS/m",2,2,0.6181,19712.07,1818.62,33096.7,1311.78,33.32,9.225920971,83.95034109,6.654704453,0.169033491,0.111755985,0.373182347,25.230374,1.401923688,21.1859384775335,10.5726744186047,3.40226845575352,0.0945834478966181,0.054948680684177,0.0396347672124411,7.50583325070192,7.17914027251685,10.4071888585098,-0.481105022316909,3.50615781729864,0.018321584498136
"66",71,333,"M","SLK S","12 dS/m",3,2,0.3878,19367.45,1857.73,32245.74,1300.59,86.26,9.592021665,83.24725248,6.715339397,0.44538646,0.070116439,0.366404873,24.7931631,1.394331937,21.2042756432215,10.2097760834874,3.35187932086952,0.0979453409969813,0.0576116411036,0.0403336998933813,7.52711059126842,7.17057328664646,10.3811412204756,-0.947265536173586,4.4573659912197,0.046433012332255
"67",72,335,"M","SLK S","12 dS/m",5,2,0.6175,28685.07,5345.36,42322.62,2093.69,84.71,18.63464164,73.77116388,7.298884054,0.295310418,0.111647501,0.549649985,20.21436793,1.305660166,23.4159035303178,5.68925064356336,2.50823864128236,0.175770072835755,0.126300309385383,0.0494697634503724,8.5839841738571,7.64668333844635,10.6530769738786,-0.482076210480005,4.43923365844346,0.0158473891374949
"68",75,362,"M","SC S","0 dS/m",2,2,3.9076,51584.4,19768.02,34852.7,14270.56,119.47,38.32170191,33.78220935,27.66448771,0.231601027,0.706516236,1,2.44227977,0.387795412,28.0716350841301,1.02391756647898,0.0340995715692446,0.976641121060922,0.567187621045141,0.409453500015781,9.89182075940407,9.56595395286837,10.45888588808,1.36292337479665,4.78306529382913,0.00604359971307192
"69",76,364,"M","SC S","0 dS/m",4,2,4.504,16875.74,2960.51,22015.98,2811.7,95.54,17.54299367,65.22967289,16.6611953,0.566138137,0.814348738,0.317401621,7.830131237,0.893769041,22.988856967589,3.81413358141856,1.93135537167252,0.26218274180845,0.134470961547022,0.127711780261428,7.99311682977393,7.94154456160624,9.99952383230242,1.50496589083739,4.55954500796182,0.0322714667405278
"70",77,365,"M","SC S","0 dS/m",5,2,4.8112,24360.23,2852.67,34323.7,4262.61,83.1,11.71035741,70.450279,17.4982338,0.341129784,0.86989224,0.464595455,8.052273138,0.905918498,23.5356184978449,4.8239422763405,2.2702126439429,0.207299329617728,0.0831107951648569,0.124188534452871,7.95601067680528,8.3576369277104,10.4435913566487,1.57094653325213,4.4200447018614,0.0291306039605002
"71",78,367,"M","SC S","6 dS/m",2,2,2.1446,30882.92,12335.23,31944.62,2501.61,73.77,39.94191611,51.71891129,8.100302692,0.2388699,0.38775584,0.592874035,12.76962436,1.106178122,24.8791381717298,2.15306089436834,1.1063891233885,0.464455047516608,0.386144208320525,0.0783108391960837,9.42021467491852,7.82468980357728,10.3717590575204,0.762953054803908,4.30095214489621,0.00598043165794233
"72",79,369,"M","SC S","6 dS/m",4,2,2.61,5011.82,1507.21,6508.4,207.79,42.62,30.07310717,64.93050429,4.145998859,0.850389679,0.471902799,0.084079661,31.3220078,1.495849593,18.2566471419658,3.79498542274052,1.92409434398584,0.263505623501936,0.231579189969885,0.0319264335320509,7.31801553861962,5.33652795431179,8.78084892926516,0.959350221334602,3.75232362667047,0.0282774132337232
"73",80,371,"M","SC S","12 dS/m",1,2,0.6405,20225.27,2430.46,31726.76,1839.53,91.9,12.01694712,78.43346467,9.095206146,0.454382068,0.115806032,0.383275202,17.24720989,1.236718848,22.0921351647886,7.43017196761585,2.8933956016058,0.1345863870121,0.0766059944349817,0.0579803925771179,7.79583581883105,7.5172653831914,10.3649157677972,-0.445506157645348,4.52070102936164,0.0378117722571036
"74",81,372,"M","SC S","12 dS/m",2,2,0.4463,26883.6,4837.06,40472.42,1494.28,316.05,17.99260516,75.27343808,5.558332961,1.1756238,0.080693571,0.514221349,27.08489707,1.43272719,22.7851495101444,6.39239402717276,2.67635633873019,0.156435913641932,0.119514968464945,0.0369209451769872,8.48406237712893,7.30939976446451,10.6083760334629,-0.806763907346913,5.75590042891831,0.0653392763372792
"75",82,373,"M","SC S","12 dS/m",3,2,0.7374,24810.69,3134.16,38993.3,2125.69,54.19,12.6322968,78.5816517,8.567637579,0.218413918,0.133326101,0.473454433,18.34383189,1.263490062,22.6675786178961,7.41338631329791,2.89013269252336,0.134891122321014,0.0803768852597754,0.0545142370612387,8.05011647458026,7.66185173453532,10.5711451154816,-0.304624793182093,3.99249638957802,0.0172901192025934
"76",84,381,"M","SC NS","0 dS/m",1,2,3.5215,19261.77,2540.82,32315.84,493.2,69.83,13.19099958,83.88595648,2.560512352,0.362531585,0.636707167,0.364326515,65.52278994,1.816392381,20.2571074479531,10.651162484097,3.41293899186593,0.0938864655846792,0.0786246001960648,0.0152618653886144,7.84024214255836,6.20091477129019,10.3833127914795,1.25888703520333,4.24606371685794,0.0274832534378665
"77",85,382,"M","SC NS","0 dS/m",2,2,3.5871,24671.72,4642.09,38451.08,584.35,219.74,18.81542916,77.9254142,2.368501264,0.890655374,0.648568019,0.470721378,65.80145461,1.818235494,21.3712477070939,7.35703078960057,2.87912362913275,0.135924400563001,0.120727168131558,0.0151972324314428,8.44291997484118,6.37050011837917,10.5571420629658,1.27734407661151,5.39244502927273,0.0473364368204839
"78",86,384,"M","SC NS","0 dS/m",4,2,2.811,9484.85,220.46,17484.5,519.82,2.32,2.324338287,92.17067218,5.480529476,0.02446006,0.508244739,0.172048572,33.63568158,1.526800233,16.806241440568,23.6187658723726,4.56186167789832,0.0423392147330493,0.0126088821527639,0.0297303325802854,5.39571627253517,6.25348259780425,9.76907005314923,1.03354029192439,0.841567185678219,0.0105234509661617
"79",87,386,"M","SC NS","6 dS/m",1,2,2.1419,23092.51,2620,39326.34,679.43,129.91,11.34567009,85.14955715,2.9422094,0.562563359,0.387267665,0.439663821,57.88137115,1.762538811,20.7635322075307,11.9191314863476,3.5752072093796,0.083898730469197,0.0666220146598946,0.0172767158093024,7.87092959675514,6.52125421136038,10.5796498023618,0.76169328559496,4.86684190300764,0.0495839694656489
"80",88,387,"M","SC NS","6 dS/m",2,2,1.9116,2936.46,332.4,4862.86,170.47,2.16,11.31975235,82.80140033,5.805289362,0.073557958,0.345628119,0.043264563,28.52619229,1.455243805,15.7901506319372,9.6702129775091,3.27354766407777,0.103410338771834,0.0683548364542677,0.0350555023175662,5.80633906298129,5.13855932816283,8.48938202117589,0.647940587721866,0.770108221696074,0.00649819494584838
"81",89,388,"M","SC NS","6 dS/m",3,2,2.4232,17271.95,2462.56,27316.64,1023.98,127.09,14.25756791,79.07804272,5.928572049,0.735817322,0.4381283,0.325193691,26.67692728,1.426135805,21.2659149828506,7.83488501494318,2.96991210180844,0.127634291772341,0.0901487152153413,0.0374855765569997,7.80895673823164,6.93145227415872,10.2152513192984,0.88508898073089,4.84489549689398,0.0516088948086544
"82",90,391,"M","SC NS","12 dS/m",1,2,0.8344,15257.61,1559.01,26486.78,395.48,59.73,10.21791749,86.79858772,2.592018016,0.391476778,0.150864251,0.285578643,66.97375341,1.825904639,19.2338753937719,13.5517603057575,3.76040835749529,0.0737911516613193,0.0588599293685378,0.0149312222927815,7.35180628340539,5.98010021702893,10.1844010195738,-0.181042375295574,4.08983440674421,0.0383127754151673
"83",91,392,"M","SC NS","12 dS/m",2,2,0.4476,20600.23,1654.5,36041.88,868.76,56.03,8.031463726,87.47931455,4.217234468,0.271987255,0.080928618,0.390649359,41.48657857,1.61790762,20.4549934452768,14.2838550129594,3.83631349004649,0.0700091116223682,0.045904930597405,0.0241041810249632,7.41125412736167,6.76706690760412,10.4924368746237,-0.803855302544367,4.02588726157719,0.0338652160773648
"84",92,393,"M","SC NS","12 dS/m",3,2,0.5416,20639.33,3575.81,33073.44,459.8,67,17.32522325,80.12236831,2.227785495,0.324622941,0.097924351,0.39141832,71.93005655,1.856910402,20.6489170217177,8.19540044751599,3.03481444469151,0.122019662907759,0.108117268720762,0.0139023941869972,8.1819470028908,6.13079161232908,10.4064858223379,-0.613227557384072,4.20469261939097,0.0187370134319217
"85",93,421,"M","BTN NS","0 dS/m",1,2,3.3856,24397.64,4157.8,33814.8,3215.85,116.59,17.04181224,69.29932567,13.180988,0.477874089,0.612135677,0.465331179,10.51504268,1.02181104,23.6725890472175,4.58589707946539,2.19720397711429,0.21805984361877,0.122957994724204,0.0951018488945669,8.33274136721301,8.07584698742005,10.4286538554566,1.21953114324179,4.7586635069452,0.0280412718264467
"86",94,423,"M","BTN NS","0 dS/m",3,2,3.5445,15423.39,1664.43,27069.56,174.35,49.83,10.7915964,87.75489695,1.130425931,0.323080723,0.640865698,0.288838958,155.2598796,2.191059245,18.1466550356884,14.7214783715289,3.8798506529791,0.0679279604101433,0.061487146447892,0.00644081396225133,7.41723800145969,5.16106477312166,10.2061651283204,1.26539710631294,3.90861721229331,0.0299381770335791
"87",95,424,"M","BTN NS","0 dS/m",4,2,4.283,12737.94,1560.41,20641.56,819.54,37.21,12.25009695,81.02393323,6.433850371,0.292119448,0.774390685,0.236025515,25.18676331,1.401172361,20.2863799894688,8.67310657786928,3.11654883793676,0.115298940583948,0.0755955460730681,0.03970339451088,7.35270388622514,6.70874320724286,9.93506179813472,1.45465369863323,3.61657754235853,0.0238462968066085
"88",96,427,"M","BTN NS","6 dS/m",2,2,1.9663,18265.88,1030.2,34079.76,158.62,37.18,5.640023913,93.28803211,0.868395062,0.203548912,0.355518189,0.34474083,214.851595,2.332138582,17.3181396079393,28.6668797631265,4.84131297835524,0.0348834616206217,0.0302290861203248,0.00465437550029695,6.93750823713148,5.06651140465517,10.4364589386649,0.676153604183374,3.6157709822933,0.0360900795961949
"89",97,428,"M","BTN NS","6 dS/m",3,2,2.177,17380.26,1245.25,31855.66,151.37,55.81,7.164737467,91.64322053,0.870930584,0.321111422,0.393613944,0.327323771,210.4489661,2.323146796,17.5241551915645,22.8091105669402,4.51153828526022,0.0438421304094782,0.0390903845658825,0.00475174584359577,7.12709159195339,5.01972717077447,10.3689703532184,0.77794778225241,4.02195306480034,0.0448183095763903
"90",98,429,"M","BTN NS","6 dS/m",4,2,2.1006,20549.83,4541.78,31594.1,63.31,147.69,22.10130205,76.87192546,0.308080407,0.718692077,0.379800391,0.389658166,499.0380667,2.698133675,18.1334035999147,6.86069110484268,2.77835391215742,0.145757910495947,0.143754055345777,0.00200385515017044,8.42107428468043,4.14804329455604,10.360725673282,0.742223018206538,4.99511548243822,0.0325180876220337
"91",99,431,"M","BTN NS","12 dS/m",1,2,0.6116,21527.02,1982.65,37605.86,686.78,54.66,9.210053226,87.34571715,3.19031617,0.253913454,0.110580748,0.408876088,54.75677801,1.738437886,20.3769185201329,14.0875992253028,3.81635386687124,0.0709844157266979,0.0527218364371936,0.0182625792895043,7.59218961268965,6.53201400804019,10.5349151682983,-0.49167680492723,4.00113218049992,0.0275691624845535
"92",100,432,"M","BTN NS","12 dS/m",2,2,0.6446,22848.83,6227.89,32569.32,219.46,116.82,27.25693176,71.27130798,0.960486817,0.511273444,0.116547335,0.434871484,148.4066345,2.171453316,20.382341947603,5.05158243309267,2.33673538999561,0.197957771301335,0.191219528071203,0.00673824323013192,8.73679287062707,5.39116998356265,10.3911260199436,-0.4391253096008,4.76063428861216,0.0187575567326976
"93",101,433,"M","BTN NS","12 dS/m",3,2,0.8318,25765.72,3129.62,42733.06,1167.28,102.29,12.14644885,82.9261903,4.530360494,0.397000356,0.150394156,0.492236545,36.60909122,1.563588948,21.8007067318108,9.94509064674533,3.31398452088446,0.100552125216402,0.0732365058809269,0.0273156193354747,8.04866687041313,7.06243153495577,10.6627281385243,-0.184163251673326,4.62781191646892,0.0326844792658534
"94",102,434,"M","BTN NS","12 dS/m",4,2,0.5308,23789.76,1333.42,42679.66,1053.57,62.94,5.605016612,89.70174563,4.428670151,0.264567612,0.09597165,0.453376298,40.50956272,1.607557555,20.4219860118394,17.880116799819,4.16028425567981,0.0559280462871541,0.031242516927267,0.0246855293598871,7.19550234932151,6.95993967621958,10.6614777391234,-0.633369976524085,4.14218189163626,0.0472019318744282
"95",104,462,"M","DEL NS","0 dS/m",2,2,3.002,28873.22,5579.85,45574.82,492.16,13.8,19.32534716,78.9223024,1.704555294,0.047795154,0.542778622,0.55335024,92.60163362,1.966618648,21.3889942222576,7.50572215790158,2.90799088643639,0.133231683635832,0.122432738077737,0.0107989455580955,8.62691717329361,6.19880386687722,10.7271106500053,1.09927873321127,2.62466859216316,0.00247318476303126
"96",105,467,"M","DEL NS","6 dS/m",2,2,1.7437,26370.34,3076.78,45943.88,273.03,48.59,11.66757804,87.11279415,1.035367765,0.184260044,0.315270847,0.504127313,168.2741091,2.2260173,19.6801212446554,13.7153689313722,3.77772152482437,0.0729109078292909,0.0669682229711552,0.00594268485813562,8.03163887455338,5.60958167925737,10.7351759306654,0.556009292341311,3.88341774841781,0.0157924843505223
"97",106,468,"M","DEL NS","6 dS/m",3,2,2.2586,22875.99,8800.68,26380.92,789.35,95.5,38.47125305,57.66071763,3.450561047,0.417468271,0.408367686,0.435405627,33.42106797,1.524020324,22.7279206119825,2.75086939248365,1.4598876440928,0.363521438979384,0.333600192866663,0.0299212461127209,9.08258427020819,6.67120982197774,10.1803963005684,0.814745152307433,4.55912624748668,0.0108514342073567
"98",107,470,"M","DEL NS","6 dS/m",5,2,1.3428,10958.55,5900.65,8027.74,1015.02,29.01,53.84517112,36.62774728,9.26235679,0.264724804,0.242785854,0.201031115,7.908947607,0.898118699,22.513950610642,1.16080437614866,0.215124863383653,0.861471597236582,0.735032524720531,0.126439072516051,8.68281779331712,6.92266359571526,8.99065832274503,0.294756986123743,3.36764059813331,0.00491640751442638
"99",108,471,"M","DEL NS","12 dS/m",1,2,0.3289,30714.59,8624.8,30057.58,7048.64,12.36,28.08046599,48.93045943,22.94883311,0.040241462,0.059466985,0.589563571,4.264309143,0.629848682,25.8574044954521,1.9177398197205,0.939407002806264,0.521447169066838,0.286942594846292,0.234504574220546,9.06239705322491,8.86058996939579,10.3108701544109,-1.11200152578713,2.51446545202954,0.00143307670902514
"100",109,472,"M","DEL NS","12 dS/m",2,2,0.5258,17798.84,940.16,33409.1,143.79,10.34,5.282141982,93.85190271,0.807861636,0.058093674,0.095067621,0.335555781,232.3464775,2.366136093,17.044582026347,30.8216246136814,4.94587100347364,0.0324447530762577,0.0281408358800447,0.00430391719621301,6.84605007354546,4.96835390183965,10.4165835969455,-0.642834366686356,2.33601986908028,0.0109981279782165
"101",110,473,"M","DEL NS","12 dS/m",3,2,0.4586,15088.64,3010.64,23643.88,182.21,73.85,19.95302426,78.34993744,1.207597239,0.489441063,0.08291748,0.282255592,129.7617035,2.113146538,19.0653128201611,7.40525862473965,2.88855012175502,0.135039172927624,0.127332738958242,0.00770643396938235,8.00990795972624,5.20515986806179,10.070859586648,-0.779576908558333,4.30203600897739,0.024529668110435
"102",111,480,"M","DEL NS","0 dS/m",5,2,0.3486,28272.61,8841.4,15642.48,11426.38,183.59,31.27196251,27.66366459,40.41501651,0.649356391,0.063028857,0.541538334,1.368979502,0.136396945,26.5901399114952,0.771790497035196,-0.373718814631673,1.2956884074648,0.565217280124379,0.730471127340422,9.08720051413304,9.34367999621432,9.6577455693037,-1.05383014589622,5.21270501047211,0.0207648110027824
"103",112,562,"R","NOK NS","0 dS/m",2,2,3.6189,15770.67,2859.08,23201.3,1283.04,27.9,18.12909661,73.55838401,8.135608696,0.176910683,0.654317639,0.295668745,18.08306834,1.257272124,21.806685706477,5.60131044006451,2.48576438863703,0.178529651355743,0.123229301806364,0.0553003495493787,7.95825517374265,7.15698754105872,10.0519635905673,1.28617011225731,3.32862668882732,0.00975838381577291
"104",113,563,"R","NOK NS","0 dS/m",3,2,5.0017,2541.37,711.84,3170.44,102.05,142.26,28.01008905,62.37659215,4.015550668,5.597768133,0.90433572,0.035494519,31.06751592,1.49230653,16.1485415655464,3.89541584243571,1.96177734671998,0.25671200211958,0.224524040827141,0.0321879612924389,6.56785316705773,4.62546288925585,8.06162565850115,1.6097778546472,4.95765636930537,0.199848280512475
"105",114,564,"R","NOK NS","0 dS/m",4,2,4.567,14727.67,2870.99,18856.18,2406.13,22.46,19.49385069,64.01616821,16.33747904,0.152502059,0.825739495,0.27515657,7.836725364,0.894134627,22.7198314663112,3.57319522769996,1.83721474021484,0.279861562628274,0.152257244044128,0.127604318584146,7.96241219700807,7.78577492666267,9.8445959906035,1.51885653420286,3.1117359493103,0.00782308541652879
"106",115,567,"R","NOK NS","6 dS/m",2,2,2.5232,11434.34,950.47,17199.54,1805.29,78.81,8.312416808,75.21002524,15.78831835,0.689239606,0.456208867,0.210388247,9.527300323,0.978969855,20.7105121746001,6.24130548378669,2.64184782684327,0.160222889681933,0.0552613616410671,0.104961528040866,6.85695659909477,7.49847652268172,9.75263791825787,0.925527937226637,4.36703989236556,0.0829168727050827
"107",116,568,"R","NOK NS","6 dS/m",3,2,3.2632,22358.47,3878.26,34418.1,1222.04,49.12,17.34582017,76.96881763,5.465669163,0.219693029,0.590005063,0.425227812,28.1644627,1.449701471,22.1762696032699,6.74825010293512,2.75451344362811,0.148186564627333,0.112680827820246,0.035505736807087,8.26314187842368,7.10827687242004,10.4463378677771,1.18270830902121,3.89426628383889,0.0126654736918102
"108",117,570,"R","NOK NS","6 dS/m",5,2,2.7787,14608.85,1508.18,26026.5,46.65,40.77,10.32374212,89.07785349,0.319326983,0.279077409,0.502404715,0.272819795,557.9099678,2.746564121,16.1023980839347,16.7391290366149,4.0651525590214,0.0597402647301789,0.0579478608341498,0.00179240389602905,7.31865890483988,3.84267292729335,10.1668705287098,1.02198319243218,3.70794651683116,0.0270325823177605
"109",118,571,"R","NOK NS","12 dS/m",1,2,1.3568,33341.28,1912.48,42705.98,10032.73,43.08,5.73607252,64.04370198,30.0910163,0.129209197,0.245317133,0.641221409,4.256665932,0.629069568,24.1936555551636,3.57515522958575,1.83800588359499,0.279708134551648,0.0447824871364619,0.234925647415186,7.55615610812967,9.21360802737044,10.6620942362495,0.305128986055502,3.76305885228819,0.0225257257592236
"110",119,572,"R","NOK NS","12 dS/m",2,2,1.3319,16486.32,1648.4,28873.44,356.85,44.35,9.998592773,87.56787446,2.164521858,0.269010913,0.240815072,0.309743086,80.91197982,1.908012828,19.1660246156521,14.3989228275776,3.84788898367728,0.0694496395303088,0.0570905302589508,0.012359109271358,7.40756039946466,5.87731552541708,10.2706774203906,0.286606494224848,3.79211270875559,0.0269048774569279
"111",120,573,"R","NOK NS","12 dS/m",3,2,1.1063,26565.09,7587.54,36239.54,760.15,97.63,28.5620715,68.20895393,2.861462167,0.367512401,0.200025313,0.507957367,47.67419588,1.678283377,22.4595568243288,4.34126566750802,2.11811571226336,0.230347570636934,0.209371862887884,0.0209757077490498,8.93426270718252,6.63351578222685,10.4979060669196,0.101021114058728,4.58118482323758,0.0128671479820864
"112",121,581,"R","SLK S","0 dS/m",1,2,3.714,23909.47,4451.19,36897.92,967.1,42.22,18.61684931,77.16172713,4.04484081,0.176582752,0.671512259,0.455730577,38.15315893,1.581530502,22.0374966331458,6.80988282280941,2.76762997409547,0.146845404835828,0.120635255320625,0.026210149515203,8.40092675514141,6.87430190272292,10.5159104598762,1.31210946293051,3.74289404242017,0.00948510398342915
"113",122,583,"R","SLK S","0 dS/m",3,2,4.7596,34216.74,9176.86,44272.34,2866.31,37.4,26.81979639,64.69397728,8.376923108,0.109303224,0.860562667,0.658438656,15.44576127,1.188809318,24.6487638175182,3.67613676465582,1.87819044073478,0.27202469984645,0.207282018524433,0.0647426813220173,9.12444037717252,7.9607807672282,10.6981153817948,1.56016363109886,3.62167070442049,0.0040754680794956
"114",123,585,"R","SLK S","0 dS/m",5,2,5.5308,23267.41,2191.2,38478.7,1804.21,32.65,9.41746417,82.6879743,7.754236505,0.14032503,1,0.443103494,21.32717367,1.328933305,21.914657010518,9.63072625838149,3.26764459660019,0.103834329122346,0.0569457907881503,0.0468885383341953,7.69220461794887,7.49787810182995,10.5578601204252,1.71033247053233,3.48584485572244,0.0149005111354509
"115",125,588,"R","SLK S","6 dS/m",3,2,3.4904,18217.86,3196.66,29607.92,116.54,100.7,17.54684689,81.26069692,0.639701919,0.552754275,0.631084111,0.343796444,254.0580058,2.404932885,18.507030996005,8.9363515634432,3.15968594375085,0.111902490955123,0.107966381968068,0.00393610898705482,8.06986179370146,4.75823456171493,10.2957971720899,1.25001634282726,4.61214579972452,0.031501629826131
"116",126,589,"R","SLK S","6 dS/m",4,2,3.0156,26784.4,5387.56,39987.7,1307.58,95.41,20.11454429,74.64736936,4.881871537,0.356214812,0.545237579,0.51227043,30.58145582,1.485458156,22.7480998163175,5.97264582966151,2.57837017432598,0.167429984720302,0.134730429607104,0.0326995551131973,8.59184787124094,7.17593337953577,10.5963271858083,1.10379881535541,4.55818339476375,0.017709315534305
"117",128,593,"R","SLK S","12 dS/m",3,2,0.2349,16128.63,742.53,28624.58,1060.99,12.82,4.603800819,88.73841114,6.578302063,0.079485982,0.042471252,0.302708571,26.97912327,1.431027832,19.5875008485672,15.8715068310859,3.98836719814159,0.0630059899568832,0.0259402932724253,0.0370656966844579,6.61006327390104,6.96695771349888,10.2620210682598,-1.44859538731727,2.55100645149252,0.0172652956782891
"118",129,595,"R","SLK S","12 dS/m",5,2,0.7157,19275.61,4593.37,27913.2,652.53,73.11,23.82995921,72.40549067,3.385262516,0.379287607,0.129402618,0.3645987,42.77688382,1.631209144,21.515237703997,5.32095541279857,2.41168531443914,0.187936173566628,0.164559061662583,0.0233771119040454,8.43236923845113,6.48085711515143,10.2368549742039,-0.334494194237585,4.29196515630522,0.0159164186642922
"119",130,622,"R","SC S","0 dS/m",2,2,2.9587,19426.33,5346.39,22546.82,2747.81,58.72,27.5213589,58.03159938,14.14477155,0.302270166,0.534949736,0.367562837,8.205378101,0.914098598,23.8084159012297,2.78555261792395,1.47796356815782,0.358995193113707,0.237123904834473,0.121871288279234,8.58417684577763,7.91855950975828,10.0233493150309,1.08474998267496,4.07278038430626,0.0109831119690109
"120",131,624,"R","SC S","0 dS/m",4,2,3.8271,25458.48,3789.6,36190.38,3543.19,30.5,14.88541343,71.07725991,13.91752375,0.11980291,0.69196138,0.486194205,10.21406698,1.009198702,23.6786629769572,4.93541748775023,2.30317212764652,0.202617104324409,0.104712909894839,0.0979041944295694,8.24001575160954,8.17278273029749,10.4965486166408,1.34210733623022,3.41772668361337,0.00804834283301668
"121",132,625,"R","SC S","0 dS/m",5,2,3.9312,6893.23,631.45,12012.26,242.81,12.84,9.160437125,87.13085157,3.522441584,0.186269717,0.71078325,0.121080439,49.47185042,1.694358155,17.226208720845,13.7399171871068,3.78030140369328,0.0727806424436367,0.0525671272516579,0.0202135151919789,6.44801876209218,5.49227924449867,9.39368307389062,1.36894472278478,2.55256529826182,0.0203341515559427
"122",133,626,"R","SC S","6 dS/m",1,2,3.0631,26965.63,3279.63,45911.34,664.07,66.26,12.16225988,85.12936653,2.462653385,0.2457202,0.553825848,0.515834593,69.13629587,1.839706108,21.0545088619628,11.6416918122575,3.54122882596816,0.0858981680778649,0.0714339855904881,0.0144641824873768,8.09548589013719,6.49838756560671,10.7344674243582,1.1194274750487,4.19358639687175,0.0202034985653869
"123",134,627,"R","SC S","6 dS/m",2,2,2.6851,23037.83,1674.48,40616.8,1008.98,45.97,7.2683929,88.15239977,4.379665967,0.199541363,0.485481305,0.438588456,40.25530734,1.604823147,20.6881792915416,15.1359811586534,3.91991029280427,0.0660677355183077,0.041226290598964,0.0248414449193437,7.42325794829909,6.91669519855161,10.6119370531045,0.987717971215148,3.82798900981814,0.0274532989345946
"124",135,628,"R","SC S","6 dS/m",3,2,2.7569,19980.21,960.67,35591.64,1205.85,17.87,4.808107622,89.06723203,6.035221852,0.089438499,0.498463152,0.378455726,29.51581042,1.470054712,20.1437318663847,16.4280228200063,4.03808695135197,0.0608715979370436,0.026991450801368,0.0338801471356757,6.86763095769797,7.09493999144208,10.4798660578022,1.01410686007445,2.88312332917134,0.0186016009659925
"125",136,631,"R","SC S","12 dS/m",1,2,1.1512,20128.85,2382.31,34426.74,415.84,117.33,11.83530107,85.51591373,2.0658905,0.582894701,0.208143487,0.381378957,82.78842824,1.917969637,19.9180301706267,12.3033933134392,3.6209843650299,0.0812783899956836,0.0691994072049808,0.0120789827907028,7.77582588418461,6.03030057089318,10.4465888669818,0.140804876591021,4.76499047743553,0.0492505173550042
"126",137,634,"R","SC S","12 dS/m",4,2,0.5936,15166.95,1130.02,27485.66,261.27,32.83,7.450542133,90.61037321,1.72262716,0.216457495,0.107326246,0.283795677,105.2002143,2.022016625,18.1715302597963,19.7555218538191,4.30418405135091,0.050618759018339,0.0411130749634537,0.00950568405488535,7.0299906106648,5.56555435537276,10.2214196931045,-0.521549587128966,3.4913427315135,0.0290525831401214
"127",138,635,"R","SC S","12 dS/m",5,2,0.2779,28461.94,6760.86,38449.94,2381.73,94.38,23.75403785,67.54623894,8.368122482,0.331600727,0.050245896,0.545261796,16.14370227,1.208003139,23.9407852165531,4.20558506943875,2.07230651821224,0.237779044648704,0.175835384918676,0.0619436597300282,8.81890537988028,7.77558239336469,10.5571124144644,-1.28049394223368,4.54732918629824,0.0139597625154196
"128",139,641,"R","SC NS","0 dS/m",1,2,3.6256,17947.49,3182.97,28559.56,459.1,25.64,17.73490332,79.56421761,2.558017862,0.142861202,0.655529037,0.338479208,62.20771074,1.793844219,20.4788224658941,7.84157361061155,2.97114319674095,0.127525424061155,0.111450246432368,0.016075177628787,8.06557000216699,6.12926805125518,10.2597470101724,1.28801979185155,3.24415363205247,0.00805536967046501
"129",140,642,"R","SC NS","0 dS/m",2,2,2.9792,21361.2,1736.74,38000.52,574.87,49.33,8.130348482,88.94753104,2.691187761,0.230932719,0.538656252,0.405614987,66.10280585,1.820219894,19.929258009526,16.4389840846856,4.03904923932829,0.0608310096809202,0.045703058800248,0.0151279508806722,7.45976507167531,6.35414392827932,10.5453551228254,1.09165480810061,3.89853241524565,0.0284037910107443
"130",141,644,"R","SC NS","0 dS/m",4,2,4.36,17104.46,959.1,32082,82.17,22.19,5.607309439,93.7825573,0.480401018,0.129732245,0.788312721,0.321899746,390.4344651,2.591548148,16.2660772962661,30.8104526203578,4.94534797130387,0.0324565176734618,0.0298952683747896,0.00256124929867215,6.86599534473391,4.4087902719431,10.3760504041768,1.47247205736094,3.0996417369445,0.0231362735898238
"131",142,647,"R","SC NS","6 dS/m",2,2,2.2266,20682.59,1543.37,36898.6,656.65,33.27,7.462169873,89.20207769,3.174892506,0.160859931,0.402581905,0.392269093,56.19218762,1.74967594,19.9508490492439,16.7719384369233,4.06797753463765,0.0596234003458126,0.0418273322023058,0.0177960681435068,7.3417236162293,6.48715115203117,10.5159288889295,0.80047575831247,3.50465609003039,0.0215567232743931
"132",143,648,"R","SC NS","6 dS/m",3,2,1.842,17864.17,1211.94,32307.9,474.55,23.73,6.784194284,90.42653535,2.65643464,0.132835726,0.333044044,0.336840594,68.08112949,1.833026752,19.1335188528303,19.1568879744321,4.25979131000587,0.0522005453774464,0.0375121874216523,0.0146883579557941,7.09997766045335,6.1623669865765,10.3830670613488,0.610851937833115,3.16674007044767,0.0195801772364969
"133",144,649,"R","SC NS","6 dS/m",4,2,1.5529,21529.34,3564.3,27368.06,4248.43,32.58,16.55554699,63.55991405,19.73321059,0.151328373,0.280773125,0.408921714,6.441923252,0.809015546,23.8521171343161,3.50300855142825,1.80859451000354,0.285468900608958,0.130235756571712,0.155233144037246,8.17872296013235,8.35430478190442,10.2171319189965,0.440124150593006,3.4836986031739,0.00914064472687484
"134",145,653,"R","SC NS","12 dS/m",3,2,0.9583,21199.83,665.84,37843.76,1600.6,11.51,3.140779902,89.25486667,7.550060543,0.054292888,0.173266074,0.402441401,23.64348369,1.373711467,20.0234288310294,16.6974462152098,4.06155556199463,0.05988939788224,0.0175944462178177,0.0422949516644223,6.50104940143784,7.37813383793295,10.5412213839799,-0.0425943976324205,2.44321622273379,0.0172864351796227
"135",146,654,"R","SC NS","12 dS/m",4,2,0.5734,20772.76,4311.94,30890.44,961.66,53.94,20.75766533,74.35323953,4.629428155,0.259666987,0.103673971,0.394042423,32.12199738,1.506802542,21.9835044894314,5.85756219660194,2.55030036795359,0.170719484733788,0.139588170320656,0.0311313144131323,8.36914319783525,6.86866095784105,10.3382020299031,-0.556171725532868,3.98787231771158,0.012509450502558
"136",147,655,"R","SC NS","12 dS/m",5,2,0.5547,24017.37,1481.31,42462.56,1260.46,44.32,6.167661155,88.39968739,5.248118341,0.184533111,0.100292905,0.457852594,33.6881456,1.527477105,20.8323924962265,15.4872801146704,3.95301189430076,0.0645691168879126,0.0348850846486882,0.0296840322392244,7.3006821103922,7.13923201268535,10.6563780254793,-0.589327851920948,3.79143604243903,0.0299194631778628
"137",148,683,"R","BTN NS","0 dS/m",3,2,3.4619,15563.13,1105.72,25142.94,1863.67,22.27,7.104740499,80.7772601,11.97490479,0.143094609,0.625931149,0.291587157,13.49109016,1.130047045,20.9747010940372,8.46737545421787,3.08191486141784,0.11810034944203,0.0439773550746253,0.0741229943674049,7.00825198547376,7.53030294094574,10.1323324204141,1.24181757129929,3.10324048126928,0.0201407227869623
"138",149,684,"R","BTN NS","0 dS/m",4,2,4.8428,18870.57,3372.4,29483.7,698.56,57.76,17.87121428,78.12085168,3.701848964,0.306085084,0.875605699,0.356632975,42.20639601,1.62537827,21.1678001742102,7.24244404268281,2.85647663283971,0.138074936320747,0.114381844883783,0.0236930914369635,8.12337993604852,6.54902107336158,10.2915928472472,1.57749306585145,4.05629649458457,0.0171272684141857
"139",151,686,"R","BTN NS","6 dS/m",1,2,1.6974,18250.27,2415.51,30380.76,585.59,58.79,13.23547542,83.2337275,3.208664858,0.322132221,0.306899544,0.344433835,51.88059905,1.715004982,20.4318592170762,10.1232081570091,3.33959466345076,0.098782913923154,0.0795078859120048,0.0192750280111492,7.78966572391551,6.37261988599856,10.3215647922951,0.529097668553439,4.07397177241416,0.0243385454831485
"140",152,687,"R","BTN NS","6 dS/m",2,2,2.9142,18718.95,2273.56,31227.7,764.26,67.28,12.14576672,83.41199693,4.082814474,0.359421869,0.526903884,0.353651138,40.86004763,1.611298869,20.7286570764753,10.2796413217373,3.36171802163915,0.0972796587644943,0.0728058742718804,0.0244737844926139,7.72910216394388,6.63890804540892,10.3490608004309,1.06959533959762,4.20886301566469,0.0295923573602632
"141",153,688,"R","BTN NS","6 dS/m",3,2,2.7723,14516.33,1443.86,25044.82,519.13,30.93,9.946453408,86.26429683,3.576179379,0.213070383,0.501247559,0.271000249,48.24383102,1.683441788,19.5156671984331,12.7585061564246,3.67338751435983,0.078379081981823,0.0576510432097336,0.0207280387720894,7.27507536184395,6.25215433349615,10.1284222987026,1.01967730057997,3.43172658669698,0.0214217444904631
"142",154,691,"R","BTN NS","12 dS/m",1,2,0.4745,17160.03,916.99,31855.44,290.27,25.05,5.343755227,92.81871885,1.691547159,0.145978766,0.08579229,0.322992614,109.7441692,2.040381455,18.0220138546906,26.3865613041101,4.72173144582622,0.0378980795744777,0.0287859781563212,0.00911210141815652,6.82109656707159,5.6708115243195,10.3689634470435,-0.745493660932155,3.22087382753087,0.0273176370516581
"143",155,692,"R","BTN NS","12 dS/m",2,2,0.1832,21954.93,1568.01,35701.62,2509.27,26.84,7.141949439,81.30661314,11.42918698,0.122250447,0.033123599,0.417291587,14.22789098,1.153140529,21.90777104416,8.75623454852255,3.1303105997288,0.114204341427644,0.0439198557376388,0.0702844856900051,7.35756257844104,7.82774715317126,10.4829513448894,-1.69717682674211,3.28989331210348,0.0171172377727183
"144",156,693,"R","BTN NS","12 dS/m",3,2,0.2395,1718.29,403.89,2453.9,85.21,2.24,23.50534543,71.40529247,4.958999936,0.130362162,0.043302958,0.019307404,28.79826311,1.459366295,15.0707694620648,5.01717440196279,2.32687508848565,0.199315375524675,0.164591059130364,0.0347243163943111,6.00114256365925,4.44511879783986,7.80543387464431,-1.42920186213117,0.806475865866949,0.00554606452251851
"145",157,722,"R","DEL NS","0 dS/m",2,2,3.3108,16808.46,2182.76,27571.06,815.24,24.93,12.98607963,82.01542557,4.850176637,0.148318168,0.598611412,0.316078458,33.81956234,1.529167983,20.7630188250195,9.19648432288192,3.20108244602789,0.10873720488077,0.0791685194548197,0.0295686854259503,7.68834541005713,6.70348254841818,10.2245219508667,1.1971898520291,3.21607189753547,0.0114213197969543
"146",158,724,"R","DEL NS","0 dS/m",4,2,4.4319,26107.49,8571.23,33732.82,590.25,79.6,32.8305402,64.603721,2.260845451,0.304893347,0.801312649,0.49895797,57.15005506,1.757016653,22.2704688616194,3.68202735802512,1.88050034617194,0.271589508377894,0.254091712462818,0.0174977959150762,9.05616652521391,6.38054617596562,10.4262265296603,1.48882838601353,4.37701409285034,0.009286881812762
"147",159,727,"R","DEL NS","6 dS/m",2,2,2.584,21588,2332.11,36110.92,1178.99,21.44,10.80280712,83.63655735,5.461321104,0.099314434,0.467201851,0.410075352,30.62869066,1.486128432,21.3907558895771,10.2847882430008,3.36244018491767,0.0972309761147044,0.0645818494793265,0.0326491266353779,7.75452871616924,7.07241341873719,10.494350591654,0.949338585920355,3.0652583362026,0.00919339139234427
"148",160,728,"R","DEL NS","6 dS/m",3,2,2.3871,21759.56,5479.64,32259.98,119.92,30.01,25.18267833,74.1282912,0.551114085,0.137916392,0.431601215,0.41344934,269.0125083,2.429772474,19.3257938773212,5.76116337712249,2.52636017085694,0.17357605305397,0.1698587537872,0.00371729926676954,8.6087946843535,4.78682485379434,10.3815827317162,0.870079240069462,3.40153065945228,0.00547663715134571
"149",161,730,"R","DEL NS","6 dS/m",5,2,2.0474,10266.1,1122.15,18109.16,59.63,29.74,10.93063578,88.19882916,0.580843748,0.289691314,0.370181529,0.187413037,303.6921013,2.482433497,16.0300162530353,15.3236304557532,3.93768623418774,0.0652586867640465,0.0619658780418308,0.00329280872221572,7.02300176698652,4.08815880313501,9.80417316658803,0.716570695503533,3.39249294103201,0.0265026957180413
"150",162,731,"R","DEL NS","12 dS/m",1,2,1.1322,12545.3,1473.93,21073.68,515.83,18.7,11.74886212,83.99033901,4.111739058,0.149059807,0.20470818,0.232236958,40.85392474,1.611233785,19.5362041647389,10.5910662592473,3.40477593535001,0.0944191996841558,0.0699417472411083,0.0244774524430474,7.295687581798,6.24577725383422,9.95578014745654,0.124162642620423,2.92852352386054,0.0126871696756291
"151",163,733,"R","DEL NS","12 dS/m",3,2,0.1318,3703.22,1981.96,2186.92,624.05,3.75,53.5199097,29.52727626,16.85155081,0.101263225,0.023830187,0.05834406,3.504398686,0.544613509,20.2382299457436,0.839183272512385,-0.252942174007389,1.19163481060121,0.906279150586213,0.285355660014998,7.59184153305157,6.43623049336446,7.69024944021804,-2.02646965691373,1.32175583998232,0.00189206643928233
"152",164,734,"R","DEL NS","12 dS/m",4,2,0.7447,24931.44,1802.43,45950,107.68,46.33,7.229546308,92.15271962,0.431904455,0.185829619,0.134645982,0.475829165,426.7273403,2.630150469,17.566334020884,24.0562061870782,4.58833723338417,0.0415693144722524,0.0392258977149075,0.00234341675734494,7.49689103345355,4.67916386589642,10.7353091277838,-0.294773826265537,3.83578969942856,0.0257041882347719
"153",165,740,"R","DEL NS","0 dS/m",5,2,0.2163,21708.6,841.75,39502.2,1104.9,10.85,3.877495555,90.9828363,5.089687958,0.049980192,0.039108266,0.412447134,35.75183275,1.55329831,19.8269480935612,20.2923997636966,4.34286758208455,0.0492795337981176,0.0213089397552541,0.0279705940428634,6.73548305804118,7.00751011211913,10.5841116455408,-1.53108894602312,2.38416507998647,0.0128898128898129
